NPDES # CA#,ORDER #,WDID,FACILITY NAME,population_cwns,population_cwns_2042,population_sso,epaid,population_covid,source,Population Served,population_growth_rate
CA0022713,R1-2019-0006,1B82114OHUM,Arcata City WWTF,17266,20489,,,,CWNS,17266,0.86
CA0022977,R1-2018-0034,1B84032OSON,Cloverdale City WWTP,,,,,,No data,,
CA0023574,R1-2023-0006,1B83009OMEN,Covelo POTW,1080,1080,,,,CWNS,1080,0
CA0022756,R1-2023-0039,1A84006ODN,Crescent City WWTP,11771,8647,9250,CA0022756,15372,CWNS+SSO+COVID,11771,-1.53
CA0024449,R1-2023-0016,1B82151OHUM,Eureka City Elk River WWTP,41400,36895,16667,CA0024449,45000,CWNS+SSO+COVID,41400,-0.57
CA0022721,R1-2018-0046,1B83136OHUM,Ferndale City POTW,1350,1350,,,,CWNS,1350,0
CA0023043,R1-2018-0002,1B83100OSON,Forestville Water District,837,822,,,,CWNS,837,-0.09
CA0023078,R1-2019-0020,1B84083OMEN,Fort Bragg City WWTP,6928,6369,7500,,,CWNS+SSO,6928,-0.42
CA0022730,R1-2017-0005,1B83135OHUM,Fortuna City WWTP,11638,11700,12295,,,CWNS+SSO,11638,0.03
CA0023639,R1-2018-0001,1B84060OSON,Graton CSD,941,918,1815,,,CWNS+SSO,941,-0.12
CA0025135,R1-2022-0017,1B82046OSON,Healdsburg City WWTP,10980,10980,,,,CWNS,10980,0
CA0023671,R1-2020-0002,1B80081OHUM,Loleta WWTF,676,743,,,,CWNS,676,0.47
CA0024490,R1-2018-0032,1B82084OHUM,McKinleyville WWTP,15210,17348,15700,,,CWNS+SSO,15210,0.66
CA0022870,R1-2022-0001,1B83129OMEN,Mendocino City CSD,1904,1904,,,,CWNS,1904,0
CA0024040,R1-2021-0005,1B83118OMEN,Mendocino County WWD#2-Anchor Bay,95,95,,,,CWNS,95,0
CA0023051,R1-2012-0101,1B83001OSON,Occidental CSD,,,,,,No data,,
CA0022781,R1-2023-0004,1B83147OHUM,Redway POTW,,,,,,No data,,
CA0022748,R1-2023-0022,1B83134OHUM,Rio Dell City WWTF,2790,2790,,,,CWNS,2790,0
CA0024058,R1-2021-0002,1B82045OSON,SCWA Russian River CSD,,,,,,No data,,
CA1000001,R1-2020-0005,1B85017RHUM,Samoa Pacific WWTP (Samoa Town Site),0,495,,,,CWNS,0,inf
CA0022764,R1-2020-0012,1B83099OSON,Santa Rosa Laguna Subregional Water Reclamation Facility,262365,368674,,CA0022764,230000,CWNS+COVID,262365,1.72
,,,Scotia Community Services District,,,,,,No data,,
CA0006017,R1-2012-0065,1B83104OHUM,Scotia Town - City,,,,,,No data,,
CA0023027,R1-2022-0002,1B84086OHUM,Shelter Cove POTW,1350,1755,647,,,CWNS+SSO,1350,1.32
CA0022888,R1-2018-0035,1B84029OMEN,Ukiah City WWTP,,,21500,,,SSO,21500,
CA0023060,R1-2021-0021,1B80078OMEN,Willits City WWTP,,,,,,No data,,
CA0023345,R1-2020-0010,1B82037OSON,"Windsor Wastewater Treatment, Reclamation, and Disposal Facility",24793,23963,,CA0023345,28000,CWNS+COVID,24793,-0.17
CA0038768,R2-2022-0019,2 283021001,American Canyon Water Reclamation Facility (WRF) (formerly WWTP),18869,18869,,CA0038768,20256,CWNS+COVID,18869,0
CA0038091,R2-2019-0034,2 482001001,Benicia WWTP,25357,27301,,,,CWNS,25357,0.37
CA0037788,R2-2018-0024,2 417005001,Burlingame WWTP,37523,43431,,,,CWNS,37523,0.73
CA0038776,R2-2022-0029,2 417022002,Calera Creek Water Recycling Plant,33378,29893,,CA0038776,40000,CWNS+COVID,33378,-0.55
CA0037966,R2-2022-0010,2 283003001,Calistoga City Dunaweal WWTP,4981,4981,5322,,,CWNS+SSO,4981,0
CA0037648,R2-2022-0020,2 071008001,Central Contra Costa SD WWTP,552952,559174,,CA0037648,487300,CWNS+COVID,552952,0.06
CA0038628,R2-2023-0006,2 215116001,Central Marin San. Agcy. WWTP,54611,61186,,CA0038628,104250,CWNS+COVID,54611,0.57
CA0038008,R2-2022-0025,2 019025001,City of Livermore Water Reclamation Plant,77127,77127,,,,CWNS,77127,0
CA0037796,R2-2023-0008,2 071032001,City of Pinole WWTP,77127,77127,,,,CWNS,77127,0
CA0037613,R2-2022-0024,2 019033001,Dublin San Ramon SD WWTP,79780,86159,,,,CWNS,79780,0.39
CA0037702,R2-2020-0024,2 019014001,EBMUD WPCP,142953,165453,35000,CA0037702,740000,CWNS+SSO+COVID,142953,0.73
CA0038024,R2-2020-0012,2 482005001,Fairfield-Suisun Sewer District Subregional WWTP,1134202,1259206,,CA0038024,155000,CWNS+COVID,1134202,0.52
,R2-2022-0023,2 019022001,Hayward WPCF,131400,205948,,,,CWNS,131400,2.27
CA0037851,R2-2020-0022,2 215012001,Las Gallinas WWTP,,,,CA0037851,30000,COVID,30000,
CA0037753,R2-2023-0018,2 215021001,Marin CSD 5 - Tiburon WWTP,27000,25538,,,,CWNS,27000,-0.28
CA0037427,R2-2021-0017,2 215021002,Marin CSD 5 Paradise Cove WWTP,,,,,,No data,,
CA0037532,R2-2019-0009,2 417019001,Millbrae WPCP,,,,,,No data,,
CA0037770,R2-2021-0026,2 071029001,Mt. View Sanitary District WWTP,20270,23397,,,,CWNS,20270,0.72
CA0037575,R2-2022-0003,2 283009001,Napa Sanitation District WWTP (Soscol Water Recycling Facility),19710,21579,,CA0037575,83300,CWNS+COVID,19710,0.45
CA0037958,R2-2020-0019,2 215022001,Novato and Ignacio WWTP,,,,CA0037958,53000,COVID,53000,
CA0037559,R2-2018-0010,2 019032001,Oro Loma/Castro Valley SD WPCP,51332,54000,,CA0037559,160000,CWNS+COVID,51332,0.25
CA0037834,R2-2019-0015,2 438011001,Palo Alto Regional WQCP,,,,CA0037834,236000,COVID,236000,
CA0037810,R2-2021-0008,2 494006001,Petaluma Ellis Creek Water Recycling Facility (NPDES Permit),164714,209393,64316,CA0037810,65000,CWNS+SSO+COVID,164714,1.21
CA0037885,R2-2018-0053,2 071034001,Port Costa WWTP,55406,58500,,,,CWNS,55406,0.27
,R2-2022-0023,2 019060001,Raymond A. Boege Alvarado WWTP (Union SD),171,171,,,,CWNS,171,0
CA0038873,R2-2019-0017,2 071037001,Richmond WPCP,,,68280,,,SSO,68280,
CA0037826,R2-2022-0037,2 071039001,Rodeo Sanitary District WWTP,,,,,,No data,,
CA0038598,R2-2023-0002,2 417068001,SAM WWTP (Sewer Authority Mid-Coastside Wastewater Treatment Plant),8111,8111,,CA0038598,28000,CWNS+COVID,8111,0
CA0037681,R2-2019-0028,2 386009001,SF - OCEANSIDE Water Pollution Control Plant,,,,CA0037681,250000,COVID,250000,
CA0038318,R2-2018-0045,2 417032001,SF Airport Mel Leong TP-Sanitary Waste,225000,264541,,,,CWNS,225000,0.81
CA0037664,R2-2013-0029,2 386010001,"SF-SE Water Pollution Control Plant, N-Point & Bayside",1,1,,CA0037664,750000,CWNS+COVID,1,0
CA0038369,R2-2023-0003,2 417037001,SVCW WWTP,582120,684419,,CA0038369,199000,CWNS+COVID,582120,0.81
CA0037842,R2-2020-0001,2 438014001,San Jose/Santa Clara WPCP,0,0,,CA0037842,1500000,CWNS+COVID,0,
,R2-2022-0023,2 019037001,San Leandro WPCP,585360,687659,,,,CWNS,585360,0.81
CA0038881,R2-2022-0006,2 01NPI441309,"San Leandro, City of",,,,,,No data,,
CA0037541,R2-2023-0017,2 417035001,San Mateo WWTP,251100,258300,,CA0037541,150000,CWNS+COVID,251100,0.14
CA0038067,R2-2018-0025,2 215023001,Sausalito Marin City STP,132161,141528,,CA0038067,18000,CWNS+COVID,132161,0.34
CA0037711,R2-2018-0039,2 215015001,Sewerage Agency of Southern Marin (SASM) WWTP,20,20,9500,,,CWNS+SSO,20,0
CA0037800,R2-2019-0019,2 494009001,Sonoma Valley County SD WWTP,913086,1300500,,,,CWNS,913086,1.78
CA0038130,R2-2019-0021,2 417038001,South San Francisco-San Bruno WQCP,1389338,1807956,,,,CWNS,1389338,1.33
CA0038016,R2-2021-0004,2 283014001,St. Helena City WWTP,,,,,,No data,,
CA0037621,R2-2020-0002,2 438018001,Sunnyvale WPCP,49500,55800,,CA0037621,153000,CWNS+COVID,49500,0.6
CA0037699,R2-2023-0001,2 482012001,Vallejo Flood & Wastewater District (VFWD) Wastewater Treatment Plant,155584,167466,,CA0037699,121000,CWNS+COVID,155584,0.37
CA0038873,R2-2019-0017,2 071040001,West County WW District WPCP,,,,,,No data,,
CA0038121,R2-2020-0026,2 283019001,Yountville / CA Vets Home WWTP,30981,32183,,,,CWNS,30981,0.19
CA0047830,R3-2017-0025,3 400101001,Avila WWTP,26100,26100,250,,,CWNS+SSO,26100,0
CA0047856,R3-2020-0005,3 400108001,California Men's Colony WWTP,30188,26284,,,,CWNS,30188,-0.69
CA0047996,R3-2014-0012,3 270101001,Carmel Area WWTP,100313,106257,,CA0047996,16000,CWNS+COVID,100313,0.29
CA0047364,R3-2017-0032,3 420101001,Carpinteria SD WWTP,4847,4204,,,,CWNS,4847,-0.71
CA3000001,R3-2020-0004,3 401019759,Cayucos SD WWTP,138290,173433,,,,CWNS,138290,1.14
CA3000002,R3-2022-0029,3 400322963,City of Morro Bay Water Reclamation Facility,110442,110442,,,,CWNS,110442,0
CA0048143,R3-2019-0046,3 420108001,El Estero Water Resource Center NPDES,,,,CA0048143,77600,COVID,77600,
CA0048160,R3-2017-0021,3 420102001,Goleta SD WWTP,2970,3725,40000,CA0048160,97000,CWNS+SSO+COVID,2970,1.14
CA0048941,R3-2017-0026,3 401013001,Heritage Ranch WWTP,720,720,,,,CWNS,720,0
CA0048127,R3-2022-0004,3 420105001,Lompoc City Regional Wastewater Reclamation Plant,,,59191,CA0048127,69290,SSO+COVID,59191,
CA0047899,R3-2022-0010,3 420107001,Montecito SD WWTP,19917,20147,,,,CWNS,19917,0.06
CA0048551,R3-2018-0017,3 270118002,Monterey One Water Regional WWTP,15241,15241,318419,,,CWNS+SSO,15241,0
CA0047953,R3-2021-0001,3 400105001,Paso Robles WWTP,,,,CA0047953,31037,COVID,31037,
CA0048151,R3-2015-0016,3 400106001,Pismo Beach WWTP,,,,,,No data,,
CA0049964,R3-2017-0028,3 430100001,SCRWA WWTP,86400,87300,46451,CA0049964,110338,CWNS+SSO+COVID,86400,0.05
CA0047902,R3-2009-0019,3 350102001,San Juan Bautista WWTP,74129,91524,,,,CWNS,74129,1.06
CA0049224,R3-2014-0033,3 400107001,San Luis Obispo WWTP,3413,2970,,CA0049224,47545,CWNS+COVID,3413,-0.69
CA0047961,R3-2022-0003,3 400110001,San Simeon WWTP,,,,,,No data,,
CA0048194,R3-2017-0030,3 440102001,Santa Cruz WWTP,9050,9050,,CA0048194,160000,CWNS+COVID,9050,0
CA0048828,R3-2013-0001,3 440103001,Scotts Valley WWTP,409354,427421,,CA0048828,12000,CWNS+COVID,409354,0.22
CA0048003,R3-2019-0002,3 400111001,South San Luis Obispo SD WWTP,34557,38383,,CA0048003,39000,CWNS+COVID,34557,0.53
CA0048054,R3-2022-0014,3 420111001,Summerland SD WWTP,,,,,,No data,,
CA0048216,R3-2014-0006,3 440104001,Watsonville WWTP,49500,70200,,CA0048216,60000,CWNS+COVID,49500,1.76
CA0053813,R4-2023-0181,4B190107013,A.K. Warren Water Resource Facility,95848,131813,,CA0053813,3500000,CWNS+COVID,95848,1.61
CA0054372,R4-2019-0023,4B190100001,Avalon WWTF,40500,55800,,,,CWNS,40500,1.62
CA0055531,R4-2023-0358,4B190101001,Burbank WRP,1715,1715,107000,,,CWNS+SSO,1715,0
CA0053597,R4-2019-0136,4A560100001,Camarillo WRP,40960,44100,,,,CWNS,40960,0.37
CA0059501,R4-2020-0078,4A560106003,Camrosa Water Reclamation Facility,496,452,,,,CWNS,496,-0.46
CA0056227,R4-2022-0341,4B190106004,Donald C. Tillman WWRP,75026,95827,,,,CWNS,75026,1.23
CA0056294,R4-2019-0137,4A560112001,Hill Canyon WWTP,11008,12236,,,,CWNS,11008,0.53
CA0109991,R4-2023-0033,4B190106002,Hyperion WWTP,62019,74458,,CA0109991,4000000,CWNS+COVID,62019,0.92
CA0054119,R4-2022-0032,4B190107014,Long Beach WRP,,,4757320,,,SSO,4757320,
CA0053953,R4-2022-0343,4B190106001,Los Angeles-Glendale WWRP,58713,61152,,,,CWNS,58713,0.2
CA0054011,R4-2021-0142,4B190107015,Los Coyotes WRP,3353576,3632460,,,,CWNS,3353576,0.4
CA0059099,R4-2021-0062,4B190107048,Malibu Mesa WRP,3420,3620,4050,,,CWNS+SSO,3420,0.28
,,,Moorpark WRF - WRR,99473,99473,,,,CWNS,99473,0
CA0064556,R4-2019-0077,4A190118001,Newhall Ranch WRP,62737,74667,,,,CWNS,62737,0.87
CA0053961,R4-2023-0430,4A560104001,Ojai Valley WWTP,,,,,,No data,,
CA0054097,R4-2018-0140,4A560105001,Oxnard WWTP,919987,919987,,CA0054097,250000,CWNS+COVID,919987,0
CA0053619,R4-2021-0097,4B190107019,Pomona Water Reclamation Plant,117000,117900,,,,CWNS,117000,0.04
CA0053911,R4-2021-0131,4B190107020,San Jose Creek Water Reclamation Plant,2800773,2799860,,,,CWNS,2800773,0
CA0054313,R4-2022-0175,4A190107021,Saugus Water Reclamation Plant,189973,209563,274729,,,CWNS+SSO,189973,0.49
CA0055221,R4-2019-0135,4A560110001,Simi Valley WQCP,213774,228264,,,,CWNS,213774,0.33
CA0056014,R4-2017-0124,4B190104001,Tapia WRF,44449,54000,,CA0056014,75000,CWNS+COVID,44449,0.98
CA0053856,R4-2021-0095,4B190106005,Terminal Island Water Reclamation Plant,523851,582847,,,,CWNS,523851,0.54
CA0054216,R4-2022-0174,4A190107023,Valencia WRP,,,4,,,SSO,4,
CA0053651,R4-2020-0024,4A560107001,Ventura WRF,,,,,,No data,,
CA0053716,R4-2021-0096,4B190107016,Whittier Narrows Water Reclamation Plant,,,,,,No data,,
CA0078981,R5-2016-0049,5A320103001,American Valley WWTP,20700,22376,,CA0078981,4217,CWNS+COVID,20700,0.39
CA0077704,R5-2019-0068,5A450100001,Anderson WPCP,212912,379825,,,,CWNS,212912,2.94
CA0085201,R5-2022-0038,5B05NP00007,Angels City WWTP,311175,330806,,,,CWNS,311175,0.31
CAC422026,R5-2023-0025,5B24NP00017,Atwater Regional WWTF,,,31250,,,SSO,31250,
CAC422026,R5-2023-0025,5B24NP00017,Atwater WWTF Mun WW Disch that Meet Obj/Criteria at the Point of Discharge,936523,1001161,31250,,,CWNS+SSO,936523,0.33
CAC448871,R5-2023-0025,5A31NP00042,Auburn WWTP,49393,53769,,,,CWNS,49393,0.43
CA0079588,R5-2019-0016,5A480104001,Beach Wastewater Treatment Facility,114190,118112,,,,CWNS,114190,0.17
CA0081213,R5-2015-0011,5D152037001,Bear Valley CSD WWTP,74314,74314,,,,CWNS,74314,0
CA0085146,R5-2022-0037,5B02NP00001,Bear Valley WWTF,123833,123833,,,,CWNS,123833,0
,,,Big Creek Powerhouse No 1 WWTF,168637,178676,,,,CWNS,168637,0.29
CA0082660,R5-2019-0029,5B070101001,Brentwood WWTP,102082,108000,66097,,,CWNS+SSO,102082,0.28
CA0083241,R5-2023-0025,5A290107002,Cascade Shores WWTP,297390,307487,,,,CWNS,297390,0.17
CA0077747,R5-2021-0022,5A320100001,Chester STP,3819,3578,,,,CWNS,3819,-0.33
CA0079081,R5-2022-0033,5A040102001,Chico Water Pollution Control Plant,10247,13050,93293,CA0079081,101299,CWNS+SSO+COVID,10247,1.22
CAC455418,R5-2023-0025,5A310101001,City of Colfax WWTP,4899,4559,2052,,,CWNS+SSO,4899,-0.36
CA0078999,R5-2022-0020,5A060101001,City of Colusa WWTP,5490,5679,,,,CWNS,5490,0.17
CA0004995,R5-2022-0022,5A520100001,City of Corning WWTP,441,475,,,,CWNS,441,0.37
CA0079049,R5-2018-0086,5A570100001,City of Davis WWTP,5490,5679,,CA0079049,70717,CWNS+COVID,5490,0.17
CAC455508,R5-2023-0025,5B030103001,City of Jackson WWTP,9630,15810,4700,,,CWNS+SSO,9630,2.51
CA0085359,R5-2022-0004,5B39NP00085,City of Lathrop Consolidated Treatment Facility,109,127,,,,CWNS,109,0.77
CA0081558,R5-2021-0003,5B390104001,City of Manteca WW Quality Control Facility,441,475,,CA0081558,83498,CWNS+COVID,441,0.37
CAC448536,R5-2023-0025,5C500102001,City of Modesto WQCF,9630,15810,,,,CWNS,9630,2.51
CA0079731,R5-2022-0040,5A450103001,Clear Creek WWTP,109,127,,,,CWNS,109,0.77
CA0085235,R5-2019-0021,5C10NP00012,Clovis WWTF,441,475,,,,CWNS,441,0.37
CA0084620,R5-2023-0013,5B05NP00001,Copper Cove WWRF,,,,,,No data,,
CA0081507,R5-2016-0066,5A450001005,Cottonwood WWTP,82778,82778,,,,CWNS,82778,0
CA0081485,R5-2018-0011,5D540132001,Cutler-Orosi WWTF,5490,5679,,,,CWNS,5490,0.17
CAC433255,R5-2023-0025,5B090102001,Deer Creek WWTP,441,475,35292,,,CWNS+SSO,441,0.37
CA0081744,R5-2019-0052,5A321010001,Delleker WWTP,7524,8651,,,,CWNS,7524,0.7
CA0038547,R2-2019-0035,2 071013001,Delta Diablo WWTP,62764,69300,,CA0038547,218281,CWNS+COVID,62764,0.5
CA0078093,R5-2019-0047,5B390100001,Deuel Vocational Institution,5490,5679,,,,CWNS,5490,0.17
CA0078590,R5-2019-0082,5B070105003,Discovery Bay WWTP,441,475,16790,,,CWNS+SSO,441,0.37
CA0081621,R5-2021-0023,5A290105001,Donner Summit PUD WWTP,67537,67537,,,,CWNS,67537,0
CAC426201,R5-2023-0025,5A310106001,Dry Creek WWTP,7524,8651,156246,,,CWNS+SSO,7524,0.7
CA0078441,R5-2018-0087,5A470101001,Dunsmuir WWTP,65424,67449,,,,CWNS,65424,0.15
CA0077691,R5-2019-0049,5A480105002,Easterly WWTP,5490,5679,4300,,,CWNS+SSO,5490,0.17
CA0077682,R5-2021-0019-02,5A340108002,EchoWater Resource Recovery Facility,441,475,1600000,CA0077682,1480000,CWNS+SSO+COVID,441,0.37
CAC425238,R5-2023-0025,5B090102005,El Dorado Hills WWTP,,,34935,,,SSO,34935,
CA0081759,R5-2019-0069,5C220701002,El Portal WWTF,14130,10890,,CA0081759,2200,CWNS+COVID,14130,-1.29
CA0085278,R5-2018-0074,5B05NP00014,Forest Meadows WWRP,5490,5679,,,,CWNS,5490,0.17
CAC443249,R5-2023-0025,5B340101001,Galt WWTP & Reclamation Facility,585,585,26000,,,CWNS+SSO,585,0
CAG585001,R5-2023-0025,5A290100001,Grass Valley City WWTP,187226,219544,12500,CAG585001,108444,CWNS+SSO+COVID,187226,0.8
,2014-0153-DWQ,5A32NC00018,Grizzly Ranch CSD,,,,,,No data,,
CA0081574,R5-2022-0024,5A581007001,Hammonton Gold Village WWTP,,,240,,,SSO,240,
CAC439621,R5-2023-0025,5A090100001,Hangtown Creek WRF,1462,1462,,,,CWNS,1462,0
CA0085260,R5-2018-0090,5B07NP00013,Ironhouse WWTF,14130,10890,,,,CWNS,14130,-1.29
CAC439953,R5-2023-0025,5A290104001,Lake Wildwood WWTP,1547,1659,,,,CWNS,1547,0.35
CAC439955,R5-2023-0025,5A290104003,Lake of the Pines WWTP,90953,108000,,,,CWNS,90953,0.86
CA0084476,R5-2018-0081,5A31NP00011,Lincoln City WWTF,1080000,1350000,13207,,,CWNS+SSO,1080000,1.12
CA0079651,R5-2022-0070,5A580100002,Linda Cnty Water District WWTP,1771809,2059924,,,,CWNS,1771809,0.76
CAC444735,R5-2023-0025,5A510100001,Live Oak City WWTP,72000,90000,,,,CWNS,72000,1.12
CAC441902,R5-2023-0025,5C221012001,Mariposa WWTP,,,2000,,,SSO,2000,
CA0079219,R5-2020-0014,5C240108001,Merced WWTF,1462,1462,,CA0079219,91000,CWNS+COVID,1462,0
CA0084069,R5-2023-0040,5A520102001,Mineral WWTP,1080,2858,,,,CWNS,1080,4.99
CA0078051,R5-2023-0016,5A470105001,Mount Shasta WWTP,441,475,,,,CWNS,441,0.37
CA0084271,R5-2023-0033,5B391078003,Mountain House WWTP,1547,1659,,CA0084271,24499,CWNS+COVID,1547,0.35
CA0079901,R5-2022-0039,5A290101001,Nevada City WWTP,90953,108000,,,,CWNS,90953,0.86
CA0083771,R5-2021-0004,5A480108001,Northwest WWTF,1080000,1350000,,,,CWNS,1080000,1.12
CA0077836,R5-2021-0024,5A580102001,Olivehurst WWTP,1771809,2059924,,,,CWNS,1771809,0.76
,,,Placer Cnty SMD No 3,39600,39600,,,,CWNS,39600,0
CAC432817,R5-2023-0025,5A310106007,Pleasant Grove WWTP,5490,5679,,,,CWNS,5490,0.17
CA0077844,R5-2018-0088,5A320102001,Portola WWTP,441,475,,,,CWNS,441,0.37
CA0078891,R5-2023-0048,5A520101001,Red Bluff WW Reclamation Plant,59400,90000,14076,,,CWNS+SSO,59400,2.1
CA0079464,R5-2018-0075,5B050103001,San Andreas SD WWTP,16927,19078,,,,CWNS,16927,0.6
CA0079235,R5-2021-0044,5A040106001,Sewerage Commission Oroville Region WWTP,5490,5679,44000,CA0079235,44000,CWNS+SSO+COVID,5490,0.17
CA0079511,R5-2020-0058,5A450105001,Shasta Lake WWTF,441,475,9800,,,CWNS+SSO,441,0.37
CAC439983,R5-2023-0025,5D150118002,Stallion Springs WWTF,5490,5679,,,,CWNS,5490,0.17
CA0082589,R5-2023-0017,5A450103004,Stillwater WWTF,630,666,,CA0082589,29000,CWNS+COVID,630,0.28
CA0079138,R5-2020-0007-01,5B390107001,Stockton Regional WW Control Facility,3242,3242,,CA0079138,320000,CWNS+COVID,3242,0
CA0079154,R5-2022-0073,5B390108001,Tracy WWTP,1043,1064,,CA0079154,98601,CWNS+COVID,1043,0.1
CA0078948,R5-2021-0005,5C500108001,"Turlock City, Turlock Regional Water Quality Control Facility",2919,2919,,CA0078948,86000,CWNS+COVID,2919,0
CA0077895,R5-2021-0007,5A570800001,UC Davis Main WWTP,5490,5679,47000,,,CWNS+SSO,5490,0.17
CAC429451,R5-2023-0025,5B39NP00073,White Slough Water Pollution Control Facility,9000,12600,,,,CWNS,9000,1.7
CAC433345,R5-2023-0025,5A060103001,Williams WWTP,39600,39600,,,,CWNS,39600,0
CA0078034,R5-2023-0025,5A110101001,Willows Wastewater Treatment Plant,5490,5679,,,,CWNS,5490,0.17
CA0077950,R5-2020-0015,5A570105001,Woodland Water Pollution Control Facility,1890,1890,,CA0077950,59000,CWNS+COVID,1890,0
CA0079260,R5-2019-0017-01,5A510101001,Yuba City WWTF,12524,12524,,CA0079260,70000,CWNS+COVID,12524,0
CA0102695,R6T-2008-0022,6A181554001,Susanville CSD,2333,2333,9960,,,CWNS+SSO,2333,0
CA0102822,R6V-2020-0028,6B360109001,Victor Valley Wastewater Reclamation Authority WTP,48631,76460,251910,,,CWNS+SSO,48631,2.29
CA0104523,R7-2021-0005,7A130100011,Brawley City WWTP,7920,8242,,,,CWNS,7920,0.2
CA7000009,R7-2019-0004,7A130101011,Calexico City WWTP,5490,5679,40000,CA7000009,40000,CWNS+SSO+COVID,5490,0.17
CA0105015,R7-2020-0010,7A130102041,Calipatria City WWTP,21375,22050,,,,CWNS,21375,0.16
CA0104493,R7-2020-0008,7A330104012,Coachella SD WWTP,335503,416699,45407,,,CWNS+SSO,335503,1.09
CA0104973,R7-2023-0013,7A330105091,Coachella Valley WD WWTP,79920,108000,,,,CWNS,79920,1.52
CA0104264,R7-2023-0041,7A131001011,Country Life MHPRV Asset Partners LP WWTP,116883,127351,,,,CWNS,116883,0.43
CA0104841,R7-2023-0046,7A131057011,Date Gardens MHP WWTP,630,666,,,,CWNS,630,0.28
CA0104426,R7-2019-0002,7A130103011,El Centro City WWTP,3242,3242,44311,,,CWNS+SSO,3242,0
CA0104370,R7-2022-0007,7A130104011,Heber PUD WWTP,,,6900,,,SSO,6900,
CA0104361,R7-2022-0005,7A130105011,Holtville City WWTP,5490,5679,,,,CWNS,5490,0.17
CA0104400,R7-2021-0002,7A130106011,Imperial City WWTP,53100,63000,,,,CWNS,53100,0.86
CA0104451,R7-2019-0005,7A130109011,Niland SD WWTP,47700,55170,,,,CWNS,47700,0.73
CA0105023,R7-2023-0003,7A130111013,Seeley CWD WWTP,15998,15480,,,,CWNS,15998,-0.16
CA0104477,R7-2020-0007,7A330122021,Valley SD WWTP,230482,203312,,CA0104477,91765,CWNS+COVID,230482,-0.63
CA0105007,R7-2023-0002,7A130112012,Westmorland City WWTP,441,475,,,,CWNS,441,0.37
CA0105376,R8-2022-0042,8 330101001,Beaumont WWTP No. 1,36316,37800,,,,CWNS,36316,0.2
CA0105236,R8-2012-0050,8 360105001,Colton WRF,7200,6371,,,,CWNS,7200,-0.61
CA8000304,R8-2013-0032,8 362375001,"Colton/San Bernadino STP, RIX",68400,105300,,,,CWNS,68400,2.18
CA8000383,R8-2020-0021,8 330108001,Corona WWRF #1,56700,63000,,,,CWNS,56700,0.53
CA8000395,R8-2014-0015,8 332476001,Corona WWRF #3,7920,8242,,,,CWNS,7920,0.2
CA8000027,R8-2013-0017,8 330112001,EVMWD Regional WWRF,5490,5679,,,,CWNS,5490,0.17
CA0107611,R9-2022-0006,9 000000117,El Toro WD WRP,39493,42300,42174,CA0107611,129000,CWNS+SSO+COVID,39493,0.34
CA0105619,R8-2015-0027,8 362222001,Henry N. Wochholz WWRF,3334,3334,,,,CWNS,3334,0
CA8000409,R8-2022-0041,8 362918001,IEUA Carbon Canyon WWRF,4991,4991,79139,CA8000409,890000,CWNS+SSO+COVID,4991,0
CA8000409,R8-2022-0041,8 362918001,IEUA Regional Plant No. 1,19227,32377,79139,CA8000409,890000,CWNS+SSO+COVID,19227,2.64
CA8000409,R8-2022-0041,8 362918001,IEUA Regional Plant No. 2,1002,1002,79139,CA8000409,890000,CWNS+SSO+COVID,1002,0
CA8000409,R8-2022-0041,8 362918001,IEUA Regional Plant No. 4,1890,1867,79139,CA8000409,890000,CWNS+SSO+COVID,1890,-0.06
CA8000409,R8-2022-0041,8 362918001,IEUA Regional Plant No. 5,75413,118827,79139,CA8000409,890000,CWNS+SSO+COVID,75413,2.3
CA0107611,R9-2022-0006,9 000000117,IRWD Los Alisos WRP,2030,1890,42174,CA0107611,129000,CWNS+SSO+COVID,2030,-0.36
CA8000326,R8-2015-0024,8 302006002,Los Alisos WD WWTP,35798,64156,367199,,,CWNS+SSO,35798,2.96
CA0105392,R8-2017-0049,8 360114003,Margaret H Chandler WWRF,60354,65423,,CA0105392,325000,CWNS+COVID,60354,0.4
CA8000326,R8-2015-0024,8 302006002,Michelson WWRF,403461,376419,367199,,,CWNS+SSO,403461,-0.35
CA0110604,R8-2021-0010,8 300110002,OCSD Plant 1,104926,111560,33682,CA0110604,1800000,CWNS+SSO+COVID,104926,0.31
CA0110604,R8-2021-0010,8 300110002,OCSD Plant 2,9124,9701,33682,CA0110604,1800000,CWNS+SSO+COVID,9124,0.31
CA0105295,R8-2014-0010,8 360112001,Rialto WWRF,209610,252270,,,,CWNS,209610,0.93
CA0105350,R8-2013-0016,8 330117003,Riverside City WWRF,155111,186680,,CA0105350,350000,CWNS+COVID,155111,0.93
CA8000100,R8-2012-0028,8 332253001,Temescal Valley WD WWRF,207450,207450,,,,CWNS,207450,0
CA8000316,R8-2015-0013,8 332353001,WRCRWA Regional WWRF,34096,34490,,,,CWNS,34096,0.06
CA0107417,R9-2022-0005,9 000000175,City of San Clemente WRP,36316,37800,,CA0107417,120000,CWNS+COVID,36316,0.2
CA0109398,R9-2020-0001,9 000003607,City of San Diego North City Pure Water Facility,7200,6371,,,,CWNS,7200,-0.61
CA0107395,R9-2018-0059,9 000000030,Encina Water Pollution Control Facility,68400,105300,,,,CWNS,68400,2.18
CA0108031,R9-2019-0169,9 000000115,Fallbrook Water Reclamation Plant,56700,63000,23000,,,CWNS+SSO,56700,0.53
CA0107433,R9-2019-0166,9 000000146,"La Salina WWTP, Oceanside Ocean Outfall",,,,,,No data,,
CA0107417,R9-2022-0005,9 000000175,Latham WWP,,,,CA0107417,120000,COVID,120000,
CA0109398,R9-2020-0001,9 000003607,North City WRP,207450,207450,,,,CWNS,207450,0
CA0107409,R9-2017-0007,9 000000275,Point Loma WWTP & Ocean Outfall,34096,34490,26059,CA0107409,2200000,CWNS+SSO+COVID,34096,0.06
CA0107492,R9-2022-0003,9 000000053,Ray Stoyer Water Recycling Facility,455138,796418,,,,CWNS,455138,2.84
CA0107417,R9-2022-0005,9 000000175,SMWD - Chiquita WRP,120986,211706,,CA0107417,120000,CWNS+COVID,120986,2.84
CA0107417,R9-2022-0005,9 000000175,SMWD Oso Creek WRP,120986,211706,,CA0107417,120000,CWNS+COVID,120986,2.84
CA0107417,R9-2022-0005,9 000000175,SOCWA - 3A Treatment Plant,343107,310996,,CA0107417,120000,CWNS+COVID,343107,-0.49
CA0107611,R9-2022-0006,9 000000117,SOCWA - Coastal TP,455138,796418,42174,CA0107611,129000,CWNS+SSO+COVID,455138,2.84
CA0107611,R9-2022-0006,9 000000117,SOCWA - Regional TP,120986,211706,42174,CA0107611,129000,CWNS+SSO+COVID,120986,2.84
CA0107433,R9-2019-0166,9 000000146,San Luis Rey Water Reclamation Facility,120986,211706,,,,CWNS,120986,2.84
,,,Shadowridge WRP,1061827,1087993,,,,CWNS,1061827,0.12
CA0109045,R9-2021-0011,9 000000900,South Bay WRP,983054,1053585,,,,CWNS,983054,0.35
CA0107395,R9-2018-0059,9 000000030,Vallecitos WD Meadowlark WRP,309132,309132,,,,CWNS,309132,0
,R1-2012-0050,1B81129OHUM,Blue Lake City POTW,740946,769910,,,,CWNS,740946,0.19
,R1-2023-0011,1B75028OSON,Bodega Bay Wastewater Reclamation Facility,590277,636342,,,,CWNS,590277,0.38
,94-071,1A89001NDN,CDC Pelican Bay Prison WWTP,76729,81145,,,,CWNS,76729,0.28
,97-010-DWQ,1A75266ODN,CDF Alder Conservation Camp,98730,102150,,,,CWNS,98730,0.17
,97-010-DWQ,1B04044RMEN,CDF Chamberlain Creek Conservation Camp,181194,197824,,,,CWNS,181194,0.44
,2014-0153-DWQ,1B77108OMEN,CDF Parlin Fork Conservation Camp,0,0,,,,CWNS,0,
,97-010-DWQ,1A85029RTRI,CDF Trinity River Conservation Camp STP,36124,36124,,,,CWNS,36124,0
,82-082,1A82082OSIS,CalFire Deadwood Conservation Camp STP,39764,54900,,,,CWNS,39764,1.63
,R1-2019-0010,1B77162OMEN,Calpella CWD WWTP,309132,309132,,,,CWNS,309132,0
,82-076,1B82076OMEN,Caspar South Water District,331491,342900,,,,CWNS,331491,0.17
CA0006700,2014-0153-DWQ,1B80121OHUM,"College of the Redwoods, POTW",1061827,1087993,,,,CWNS,1061827,0.12
,98-004,1A77141OSIS,Dorris City STP,983054,1053585,938,,,CWNS+SSO,983054,0.35
,97-010-DWQ,1B77161OMEN,E-Z Livin' Mobile Home Park,309132,309132,,,,CWNS,309132,0
,R1-2015-0026,1A82104OSIS,Etna STP,740946,769910,,,,CWNS,740946,0.19
,R1-2014-0029,1A81157OSIS,Fort Jones City WWTP,590277,636342,,,,CWNS,590277,0.38
,R1-2018-0033,1B83120OHUM,Garberville POTW,76729,81145,,,,CWNS,76729,0.28
,87-12101,1A76162OSIS,Grenada Sanitary District STP,98730,102150,,,,CWNS,98730,0.17
,R1-2022-0004,1B89005RMEN,Gualala WWTF,181194,197824,652,,,CWNS+SSO,181194,0.44
,R1-2022-0011,1A75211OSIS,Happy Camp WWTP,0,0,,,,CWNS,0,
,R1-2023-0013,1B80154OMEN,Hopland Public Utilities District,36124,36124,,,,CWNS,36124,0
,92-022,1B81141OHUM,Indianola Mobile Home Park,39764,54900,,,,CWNS,39764,1.63
,93-01001,1B80023OMEN,"Irish Beach Subdivision Units 1,2,3,4",309132,309132,,,,CWNS,309132,0
,84-118,1A84118ODN,Klamath CSD STP (Del Norte Community Development),331491,342900,,,,CWNS,331491,0.17
,R1-2012-0029,1A79010OSIS,Lake Shastina CSD STP,135000,140400,,,,CWNS,135000,0.2
,R1-2020-0024,1A83052OTRI,"Lewiston CSD Wastewater Treatment Plant, POTW",366930,459755,,,,CWNS,366930,1.13
,97-010-DWQ,1B01139RSON,Lytton Rancheria Lytton Springs Facility,18000,20277,,,,CWNS,18000,0.6
,R1-2023-0003,1B80162OHUM,Manila CSD WWTP,113419,139430,,,,CWNS,113419,1.04
,86-006,1B81217OMEN,Meadows Mobile Home Park,49715,49670,,,,CWNS,49715,0
,R1-2019-0002,1B80002OHUM,Miranda POTW,45723,45723,,,,CWNS,45723,0
,91-140,1B84128OHUM,Mobile Estates,45676,90142,,,,CWNS,45676,3.46
,,,Mobile Home Estates,137026,270423,,,,CWNS,137026,3.46
,96-068,1A76081OSIS,Montague STP,38250,38250,,,,CWNS,38250,0
,81-131,1A81131OSIS,"Montair Subdivision, STP",331491,342900,,,,CWNS,331491,0.17
,97-093,1A78041OMOD,Newell CWD STP,0,333311,,,,CWNS,0,inf
,R1-2019-0017,1A171877RDN,"Northcrest MHP, LLC (Northcrest Trailer City)",385024,444414,,,,CWNS,385024,0.72
,92-057,1B80173OMAR,Oceana Marin (North Marin CWD),363144,392864,,,,CWNS,363144,0.39
,93-003,1B83142OMEN,Parkside Estates Mobile Home Park,29352,32625,,,,CWNS,29352,0.53
,97-010-DWQ,1A13043RSIS,"Plant Sciences, Inc. Juniper Village",38102,38102,,,,CWNS,38102,0
,R1-2022-0015,1B80045OMEN,Point Arena Wastewater Treatment Plant,184660,204246,,,,CWNS,184660,0.51
,R1-1988-0078,1A88030RDN,Redwood Park STP,49715,49670,,,,CWNS,49715,0
,87-094,1B77085OSON,Rio Lindo Adventist Academy,45723,45723,,,,CWNS,45723,0
,97-010-DWQ,1A12074RDN,Riverwoods Mobile Home Park (Gasquet Mobile Home Park),45676,90142,,,,CWNS,45676,3.46
,R1-2019-0007,1B84124OSON,SCWA Airport WRF (Airport-Larkfield-Wikiup),137026,270423,,,,CWNS,137026,3.46
,R1-2019-0013,1B77117OSON,SCWA Geyserville CSD,38250,38250,,,,CWNS,38250,0
,96-011,1B71011OSON,SCWA Oceanic Properties Sea Ranch Central Plant,309132,309132,,,,CWNS,309132,0
,88-052,1B78209OSON,Santa Rosa City Oakmont Plant,0,333311,,,,CWNS,0,inf
,97-010-DWQ,1B02011RSON,Seghesio Farm Worker Housing,385024,444414,,,,CWNS,385024,0.72
,R1-2017-0014,1B89051RSON,"Sonoma Co Service Area 41, Zone 2, Sea Ranch Onsite Wastewater Management Zone",2222389,2509018,,,,CWNS,2222389,0.61
,R1-2016-0019,1A88031RSIS,Tennant CSD ST/LF,36000,36000,,,,CWNS,36000,0
,,,Trinity Dam Mobile Home Park,49715,49670,,,,CWNS,49715,0
,97-010-DWQ,1B87038OMEN,Valley Oaks Mobile Home Park,45723,45723,,,,CWNS,45723,0
,R1-2018-0004,1A84072OTRI,Weaverville SD WWTP,45676,90142,,,,CWNS,45676,3.46
,96-07002,1A80192OSIS,Weed Shastina WWTP,137026,270423,,,,CWNS,137026,3.46
,96-07001,1A80191OSIS,Weed WWTP,38250,38250,,,,CWNS,38250,0
,R1-2019-0003,1B87042NHUM,Weott WWTP,38250,38250,,,,CWNS,38250,0
,,1B14120RDN,West Park Mobile Home Park,49715,49670,,,,CWNS,49715,0
,,1B07126RMEN,Western Hills Mobile Home Park,45723,45723,,,,CWNS,45723,0
,96-028,1B75260OMEN,Westport CWD,45676,90142,,,,CWNS,45676,3.46
,97-010-DWQ,1A80170ODN,Wetherell Mobile Home Park (Gasquet MHP),137026,270423,,,,CWNS,137026,3.46
,R1-2021-0016,1A84073OSIS,Yreka City WWTP,38250,38250,7800,,,CWNS+SSO,38250,0
,88-100,2 215004001,Bolinas Community WWTP Pond System,38102,38102,,,,CWNS,38102,0
,96-081,2 283008001,Duffy's Myrtledale WW Ponds,49715,49670,,,,CWNS,49715,0
,97-010-DWQ,2 215147001,French Ranch Community WWTP,45723,45723,,,,CWNS,45723,0
,88-140,2 417042001,Glenwood Boys Ranch WWTP,45676,90142,,,,CWNS,45676,3.46
,97-010-DWQ,2 215147002,Lagunitas School WWTP,137026,270423,,,,CWNS,137026,3.46
,94-143,2 438090001,Lake Canyon Community WWTP,38250,38250,,,,CWNS,38250,0
,91-054,2 417016001,Log Cabin Ranch WWTP,38250,38250,,,,CWNS,38250,0
,78-053,2 438083001,Mariposa Lodge- Onsite Sewage System,207450,207450,,,,CWNS,207450,0
,2014-0153-DWQ,2 215166001,Marshall Community WWTP,34096,34490,,,,CWNS,34096,0.06
,88-141,2 417059001,San Mateo Co Honor Camp WWTP,207450,207450,,,,CWNS,207450,0
,2016-0068-DDW,2 41GWRR864895,Sharon Heights Recycled Water Facility,34096,34490,,,,CWNS,34096,0.06
,87-068,2 283015001,St Helena Hospital WWTP,38102,38102,,,,CWNS,38102,0
,94-008,2 215027001,"Stinson Beach- OWTS in Stinson Beach, Marin County",184660,204246,,,,CWNS,184660,0.51
,91-096,2 071184001,Stonehurst SD-6 WWTP,45723,45723,,,,CWNS,45723,0
,R2-2015-0019,2 215072001,Tomales Village WWTP,45676,90142,210,,,CWNS+SSO,45676,3.46
,91-092,2 215070001,Walker Creek Ranch WWTP,363144,392864,,,,CWNS,363144,0.39
,R3-2020-0020,3 400801001,Atascadero State Hospital,38250,38250,,,,CWNS,38250,0
,R3-2020-0020,3 400100001,Atascadero WWTP,,,,,,No data,,
,00-043,3 440107001,Bear Creek Estates WWF,49715,49670,,,,CWNS,49715,0
,01-026,3 440801001,Ben Lomond Conservation Camp,45723,45723,,,,CWNS,45723,0
,97-026,3 441001001,Big Basin Woods Subdivision,45676,90142,,,,CWNS,45676,3.46
,89-029,3 271015001,Bluffs Subdivision,137026,270423,,,,CWNS,137026,3.46
,2014-0153-DWQ,3 441000001,Boulder Creek Golf & Cntry Club WWTP,38250,38250,,,,CWNS,38250,0
,2014-0153-DWQ,3 400117585,Branch Elementary,,,,,,No data,,
,R3-2020-0020,3 420100001,Buellton WWTP,49715,49670,,,,CWNS,49715,0
,2014-0153-DWQ,3 440105001,Buena Vista Migrant Labor Camp/Tierra Alta Apartments,45723,45723,,,,CWNS,45723,0
,2014-0153-DWQ,3 400119739,CAPPY CULVER ELEMENTARY SCHOOL Onsite WW Treatment System,45676,90142,,,,CWNS,45676,3.46
,86-029,3 271003001,Cabana Holiday MHP,137026,270423,,,,CWNS,137026,3.46
,R3-2020-0020,3 271001001,California Utilities,38250,38250,,,,CWNS,38250,0
,01-100,3 400102001,Cambria CSD WWTP,,,,,,No data,,
,97-032,3 270129001,Canada Woods Reclamation Facility,207450,207450,,,,CWNS,207450,0
,2014-0153-DWQ,3 409707001,Canyon Crest,34096,34490,,,,CWNS,34096,0.06
,01-083,3 271018001,Carmel Valley Ranch WWTP (Producer),207450,207450,,,,CWNS,207450,0
,R3-2009-0037,3 421009001,Cate School WWTP,34096,34490,,,,CWNS,34096,0.06
,R3-2020-0020,3 270103001,Chualar Wastewater Treatment Plant,38102,38102,,,,CWNS,38102,0
,R3-2020-0020,3 420109001,City of Santa Maria WWTP,184660,204246,,,,CWNS,184660,0.51
,2003-0004,3 401039001,Country Club Estates – SLO Co CSA-18,,,,,,No data,,
,2014-0153-DWQ,3 421003001,Cuyama CSD WWTP,,,700,,,SSO,700,
,2014-0153-DWQ,3 401076001,Cypress Ridge Sewer Facility,363144,392864,,,,CWNS,363144,0.39
,R3-2019-0008,3 440813511,Davenport WWTP,1076,1076,,,,CWNS,1076,0
,2014-0153-DWQ,3 400119740,Dorothea Lange Elementary Onsite WW Treatment System,,,,,,No data,,
,99-061,3 421015001,Dunn School,,,,,,No data,,
,R3-2020-0020,3 270104001,Gonzales WWTP,,,,,,No data,,
,R3-2020-0020,3 270105001,"Greenfield WWTP, City of",,,18967,,,SSO,18967,
,R3-2020-0020,3 420103001,Guadalupe WWTP,104,158,,,,CWNS,104,2.11
,R3-2020-0020,3 350100001,Hollister Domestic WWTP,1043,1064,,,,CWNS,1043,0.1
,83-003,3 271002001,Indian Springs Reclamation Facility,,,,,,No data,,
,91-005,3 270106001,King City Domestic WWTF,,,,,,No data,,
,2014-0153-DWQ,3 421016001,LAGUNA BLANCA SCHOOL Onsite WW Treatment System,,,,,,No data,,
,2014-0153-DWQ,3 400119741,LOPEZ CONTINUATION HIGH SCHOOL Onsite WW Treatment System,,,,,,No data,,
,R3-2020-0020,3 420104001,Laguna County Sanitation District Reclamation Plant,104,158,,,,CWNS,104,2.11
,2014-0153-DWQ,3 270302001,Lake San Antonio Northshore WWTP,1043,1064,,,,CWNS,1043,0.1
,2014-0153-DWQ,3 270302002,Lake San Antonio Southshore WWTP,760,629,,,,CWNS,760,-0.94
,R3-2006-0041,3 271026001,Las Palmas Ranch Reclamation Facility,,,,,,No data,,
,R3-2010-0010,3 431018001,Lion's Gate Reserve,,,,,,No data,,
,2014-0153-DWQ,3 270116001,Little Bear Water Co WWTP,,,,,,No data,,
,98-09,3 420706001,Lompoc Correctional Facility WWTP,,,,,,No data,,
,R3-2020-0020,3 420118001,Los Alamos WWTP,,,,,,No data,,
,89-086,3 400113002,Los Osos Middle School,1884,2000,,,,CWNS,1884,0.3
,97-02,3 420122001,Los Prietos Boys Camp,,,,,,No data,,
,2014-0153-DWQ,3 400119742,MESA MIDDLE SCHOOL Onsite WW Treatment System,,,,,,No data,,
,2014-0153-DWQ,3 441022001,MONTE VISTA CHRISTIAN SCHOOL Onsite WW Treatment System,,,,,,No data,,
,R3-2007-0029,3 400115001,Meadowbrook WWTF (Templeton CSD),,,6500,,,SSO,6500,
,2014-0153-DWQ,3 401020001,Mesa Dunes Mobile Home Estates,84,102,,,,CWNS,84,0.98
,R3-2019-0042,3 420114004,Mission Hills La Purisima WWTP,680,680,,,,CWNS,680,0
,84-008,3 441004001,Monterey Bay Academy Sewage TP,,,,,,No data,,
,2014-0153-DWQ,3 271011001,Monterey Dunes Colony WWTP,,,,,,No data,,
,97-010-DWQ,3 401016001,Mustang Village,,,,,,No data,,
,2014-0153-DWQ,3 401028001,Nipomo CSD Black Lake - Reclaimed Water Producer,,,,,,No data,,
,R3-2012-0003,3 400104001,Nipomo CSD Southland Treatment Facility,104,68,,,,CWNS,104,-2.1
,2014-0153-DWQ,3 430317587,Oak Dell RV Park,,,,,,No data,,
,R3-2020-0020,3 271007001,Oak Hills Development WWTP,,,,,,No data,,
,2014-0153-DWQ,3 400113003,Oak Shores Development CSA-7A,1387,1387,,,,CWNS,1387,0
,2014-0153-DWQ,3 350203030,PACHECO CREEK ESTATES Onsite WW Treatment System,,,,,,No data,,
,R3-2008-0039,3 441208240,Pajaro Valley WMA and City of Watsonville Water Reclamation,295,295,,,,CWNS,295,0
,98-058,3 270100009,Pasadera Reclamation Facility (Producer),,,,,,No data,,
,2014-0153-DWQ,3 440119679,Place de Mer Onsite WW Treatment System,,,,,,No data,,
,2014-0153-DWQ,3 401019001,Rancho Colina MH Estates STP,,,,,,No data,,
,2014-0153-DWQ,3 359803001,Rancho Larios WWTP,,,,,,No data,,
,2014-0153-DWQ,3 401033001,Rancho Paso MHP,797,797,,,,CWNS,797,0
,2014-0153-DWQ,351019771,Reiter Berry Farms-Employee Housing,,,,,,No data,,
,R3-2020-0020,3 351000001,Ridgemark Estates WWTP,,,,,,No data,,
,2014-0153-DWQ,3 400114001,SANTA MARGARITA ELEMENTARY Onsite WW Treatment System,,,,,,No data,,
,2014-0153-DWQ,3 270120001,San Ardo Wastewater Treatment Plant,8460,8864,,,,CWNS,8460,0.23
,2014-0153-DWQ,3 400114002,San Benito Elementary School,,,,,,No data,,
,2014-0153-DWQ,3 270619758,San Jerardo WWTP,,,,,,No data,,
,89-076,3 270125001,San Lucas WWTF,4091,4992,,,,CWNS,4091,1
,R3-2003-0081,3 400309097,San Luis Obispo Water Reclamation Facility,,,,,,No data,,
,R3-2020-0020,3 400109001,San Miguel SD WWTP,,,,,,No data,,
,95-057,3 401021001,San Miguelito Wild Cherry Canyon,,,,,,No data,,
,97-010-DWQ,3 440112001,Santa Cruz Co Medium Security,,,,,,No data,,
,2014-0153-DWQ,3 270316559,Santa Lucia WW Recycling Facility (Prod/User),,,,,,No data,,
,R3-2008-0042,3 270113001,Soledad Wastewater Treatment Plant,,,,,,No data,,
,R3-2020-0020,3 420110001,Solvang WWTP,,,,,,No data,,
,R3-2020-0020,3 272015001,Spreckels Wastewater Treatment Plant,,,,,,No data,,
,97-010-DWQ,3 271041001,Trails End Mobile Manor,,,,,,No data,,
,R3-2012-0015,3 350103001,Tres Pinos WWTP,,,500,,,SSO,500,
,2014-0153-DWQ,3 400119743,VINEYARD ELEMENTARY SCHOOL Onsite WW Treatment System,,,,,,No data,,
,95-103,4A190107024,Acton Rehabilitation Center,,,,,,No data,,
,2014-0153-DWQ,4A568201009,Besant Hill School,,,,,,No data,,
,97-010-DWQ,4A567400045,Briggs Elementary School,,,,,,No data,,
,R4-2019-0024,4B198202003,Camps Kilpatrick Packaged WWTP,,,,,,No data,,
,R4-2005-0023,4A569005001,Canyon Country Mobile Home (Septic system),,,,,,No data,,
,01-031,4B197000055,Clear Creek Outdoor Education Center,,,,,,No data,,
,R4-2013-0019,4B190107100,Encinal Canyon Water Recycling Plant on Tract 46277,,,,,,No data,,
,93-039,4A190107079,"Fire Camp #11, Acton",,,,,,No data,,
,R4-2015-0121,4B190107010,Forester & Fire Warden Camp 13,,,,,,No data,,
,R4-2018-0171,4A561360001,Glenview Mobile Home Park,,,,,,No data,,
,94-087,4A190107001,Gorman WWTP,,,,,,No data,,
,R4-2023-0357,4B190106006,Hyperion Advanced Water Purification Facility,104,158,,,,CWNS,104,2.11
,R4-2013-0092,4A560109001,Jose Flores WWTP,1043,1064,,,,CWNS,1043,0.1
,00-099,4B190107022,La Canada WWRP,,,,,,No data,,
,95-045,4B190134001,Lake Hughes Community WWTF,,,,,,No data,,
,R4-2014-0040,4A565014002,Limoneira WWTP,,,,,,No data,,
,R4-2012-0073,4B561004001,Malibu Bay Club WWTP,,,,,,No data,,
,R4-2015-0051,4B190190002,Malibu Civic Center Wastewater Treatment Facility,,,,,,No data,,
,97-010-DWQ,4B197400053,"Malibu High School, Malibu Middle School and Juan Cabrillo Elem School",,,,,,No data,,
,,,Malibu Under the Oaks Preschool,,,,,,No data,,
,98-088,4B190107003,Malibu WPCP,,,,,,No data,,
,94-101,4A190107076,Mendenhall-Munz Boys Camp WWTP,,,,,,No data,,
,R4-2023-0089,4A560103002,Moorpark WRF - WDR,,,,,,No data,,
,01-031,4B197000012,Mount Baldy School,,,,,,No data,,
,R4-2023-0292,4A560114007,New Piru WTF,,,,,,No data,,
,01-031,4A567000050,Ojai Valley School,,,,,,No data,,
,01-031,4A567000042,Olivelands Elementary School,104,158,,,,CWNS,104,2.11
,R4-2016-0310,4B191408001,Paradise Cove Mobile Home Park & Paradise Cove Beach Cafe,1043,1064,,,,CWNS,1043,0.1
,R4-2011-0177,4A191030001,Paradise Ranch WWTP,104,158,,,,CWNS,104,2.11
,R4-2005-0041,4B191025004,Point Dume Club WWRP,1043,1064,,,,CWNS,1043,0.1
,96-021,4B190107080,River Community STP,,,,,,No data,,
,R4-2018-0022,4A560108002,Santa Paula WRF,104,158,,,,CWNS,104,2.11
,01-031,4A197000027,The Master's University,1043,1064,,,,CWNS,1043,0.1
,,,The Ojai Foundation,104,158,,,,CWNS,104,2.11
,R4-2007-0041,4A561056001,The Thacher School Wastewater Treatment Plant,1043,1064,,,,CWNS,1043,0.1
,R4-2008-0206,4A561000001,Thomas Aquinas College,,,,,,No data,,
,R4-2011-0193,4A560121001,Todd Road Jail WWTP,,,,,,No data,,
,R4-2023-0294,4B190107004,Trancas WPCP,,,600,,,SSO,600,
,R4-2013-0137,4B191002001,"Two Harbors STP, Catalina Island",,,,,,No data,,
,94-114,4B191002002,USC Marine Science Center,104,158,,,,CWNS,104,2.11
,R4-2020-0049,4A190117002,Vista Canyon Water Factory,1043,1064,,,,CWNS,1043,0.1
,2014-0153-DWQ,5A250101001,Adin CSD,,,,,,No data,,
,2014-0153-DWQ,5D152053001,Aera Energy Employee Housing,,,,,,No data,,
,R5-2002-0224,5B030100001,Amador City WW Export System,,,,,,No data,,
,93-208,5A060100001,Arbuckle WWTP,,,,,,No data,,
,92-017,5D160100001,Armona CSD WWTF,,,,,,No data,,
,00-093,5D150107001,Arvin WWTF,104,158,,,,CWNS,104,2.11
,R5-2002-0031,5A091007001,Auburn LK Onsite WW Disp,1043,1064,,,,CWNS,1043,0.1
,2014-0153-DWQ,5A31NC00012,Auburn Ridge Woods MHP,104,158,,,,CWNS,104,2.11
,2014-0153-DWQ,5A311009001,Auburn Valley CSD WWTF,1043,1064,,,,CWNS,1043,0.1
,00-231,5D160101001,Avenal WWTF,,,5725,,,SSO,5725,
,2014-0153-DWQ,5A320119001,Bailey Creek WWTF,104,158,750,,,CWNS+SSO,104,2.11
,R5-2009-0122,5D150100001,Bakersfield WWTP #2,1043,1064,,,,CWNS,1043,0.1
,R5-2009-0087,5D150100002,Bakersfield WWTP #3,,,,,,No data,,
,2014-0153-DWQ,5A320104003,Beckwourth WW Ponds,,,,,,No data,,
,98-132,5A521019001,Berrendos CSD Treatment System,,,,,,No data,,
,5-00-200,5A281001001,Berryessa Pines WWTF,,,,,,No data,,
,2014-0153-DWQ,5A180100001,Bieber STP,,,,,,No data,,
,94-357,5B050106001,Big Trees County Houses WWTP,,,,,,No data,,
,96-288,5D100100001,Biola WWTF,,,,,,No data,,
,R5-2004-0003,5A340111001,Boys Ranch WWTF,104,158,,,,CWNS,104,2.11
,2014-0153-DWQ,5A45NC00012,Brookside MHP,1043,1064,,,,CWNS,1043,0.1
,2014-0153-DWQ,5A323001004,Bucks Creek Sewer Facility,104,158,,,,CWNS,104,2.11
,2014-0153-DWQ,5A323001003,Bucks Lake Sewer Facilities,1043,1064,,,,CWNS,1043,0.1
,R5-2017-0050,5A450107001,Burney STP,,,3763,,,SSO,3763,
,2014-0153-DWQ,5A040108001,Butte CSA 21 Skansen Ponds and Rocky Bluffs,104,158,,,,CWNS,104,2.11
,2014-0153-DWQ,5A040107001,Butte College WWTP,1043,1064,,,,CWNS,1043,0.1
,2014-0153-DWQ,5A040113001,Butte County CSA No 82 Stirling City,104,158,,,,CWNS,104,2.11
,R5-2009-0123,5D150101001,Buttonwillow WWTF,1043,1064,,,,CWNS,1043,0.1
,R5-2009-0002,5B070102002,Byron Sanitary District WWTF,,,,,,No data,,
,93-235,5C200800001,CDC CCWF & VSP WWTF,,,,,,No data,,
,R5-2015-0129,5B030802002,CDCR - Mule Creek State Prison WWTP,104,158,,,,CWNS,104,2.11
,94-264,5B391008002,CSA 15 - STP,1043,1064,,,,CWNS,1043,0.1
,5-01-033,5B031010001,CSA 3-Lake Camanche WWTP,,,,,,No data,,
,2014-0153-DWQ,5B39NC00035,CSA 44-Zone G (Linne),,,,,,No data,,
,2014-0153-DWQ,5A250102001,California Pines CSD,,,,,,No data,,
,R5-2012-0045,5A090102010,Camino Heights WWTP,,,280,,,SSO,280,
,97-010-DWQ,5D101050001,Cantua Farms Employee Housing,104,158,,,,CWNS,104,2.11
,94-099,5A281004001,Capell Valley Estates,1043,1064,,,,CWNS,1043,0.1
,R5-2014-0137,5D100121001,Caruthers WWTF,104,158,,,,CWNS,104,2.11
,94-056,5C501000001,Casa De Amigos MHP,1043,1064,,,,CWNS,1043,0.1
,97-010-DWQ,5B55NC00012,Cascade MHP WWTF,,,,,,No data,,
,2014-0153-DWQ,5A311043001,Castle City MHP,104,158,,,,CWNS,104,2.11
,2014-0153-DWQ,5A451039001,Cedar Creek MHP,1043,1064,,,,CWNS,1043,0.1
,93-237,5C500100001,Ceres WWTP,,,,,,No data,,
,2014-0153-DWQ,5A041015001,Chico Mobile Country Club WWTP,,,,,,No data,,
,90-271,5C200100001,Chowchilla WWTF,104,158,,,,CWNS,104,2.11
,94-097,5A280106001,Circle Oaks WWTF,1043,1064,,,,CWNS,1043,0.1
,R5-2009-0108,5A460100001,City of Loyalton and Grandi Ranch WWTF,,,,,,No data,,
,R5-2018-0024,5C500103001,City of Newman Wastewater Treatment Facility,104,158,,,,CWNS,104,2.11
,R5-2018-0070-001,5B50NC00002,City of Patterson WQCF,1043,1064,,,,CWNS,1043,0.1
,R5-2013-0019,5D540110001,City of Tulare Wastewater Treatment Facility,,,,,,No data,,
,91-069,5A580103001,City of Wheatland WWTP,104,158,3495,,,CWNS+SSO,104,2.11
,R5-2005-0160,5B071017001,Clayton Palms Community,1043,1064,,,,CWNS,1043,0.1
,2014-0153-DWQ,5A451002001,Clear Creek Mobile Estates,,,,,,No data,,
,98-211,5A170100002,Clearlake Oaks Co WTR Dis WWTP,104,158,,,,CWNS,104,2.11
,R5-2013-0055,5C10NC00045,Coalinga State Hospital WWTF,1043,1064,,,,CWNS,1043,0.1
,94-184,5D100101001,Coalinga WWTF,104,158,,,,CWNS,104,2.11
,87-214,5A091006001,Cold Springs Mobile Manor,1043,1064,,,,CWNS,1043,0.1
,2014-0153-DWQ,5B39NC00238,Colony Oak K-8 School,,,,,,No data,,
,R5-2016-0027,5D160801001,Corcoran State Prison WWTF,,,,,,No data,,
,R5-2021-0025,5D160102001,Corcoran WWTF,104,158,,,,CWNS,104,2.11
,97-010-DWQ,5A34NC00042,Cosumnes River Elementary School,1043,1064,,,,CWNS,1043,0.1
,2014-0153-DWQ,5C220101001,Coulterville WWTF,104,158,240,,,CWNS+SSO,104,2.11
,2014-0153-DWQ,5C15NC00107,Creekside RV Park,1043,1064,,,,CWNS,1043,0.1
,2014-0153-DWQ,5A321020001,Creekside Subdivision,104,158,,,,CWNS,104,2.11
,96-132,5A041025001,Creekside Village,1043,1064,,,,CWNS,1043,0.1
,2014-0153-DWQ,5A321001001,Crocker Mountain Estates STP,104,158,,,,CWNS,104,2.11
,96-128,5A571009001,D-Q University WWTF,1043,1064,,,,CWNS,1043,0.1
,2014-0153-DWQ,5A570112001,Davis Migrant Center WWTF,104,158,,,,CWNS,104,2.11
,96-284,5D100128003,Del Rey WWTF,1043,1064,,,,CWNS,1043,0.1
,97-010-DWQ,5B50NC00001,Del Rio CSD WWTF,,,,,,No data,,
,97-010-DWQ,5B50NC00018,Del Rio East HOA WWTP,104,158,,,,CWNS,104,2.11
,R5-2017-0052,5D150102001,Delano WWTF,1043,1064,,,,CWNS,1043,0.1
,88-097,5D540136004,Delft Colony WWTF,104,158,,,,CWNS,104,2.11
,R5-2015-0053,5C240101001,Delhi WWTF,1043,1064,,,,CWNS,1043,0.1
,2014-0153-DWQ,5A480800001,Delta Conservation Camp,104,158,,,,CWNS,104,2.11
,97-010-DWQ,5A250806001,Devils Garden Conservation Camp,1043,1064,,,,CWNS,1043,0.1
,R5-2023-0046,5D540101001,Dinuba WWTF,104,158,,,,CWNS,104,2.11
,5-01-015,5A480107001,Dixon Migrant Center WWTF,1043,1064,,,,CWNS,1043,0.1
,R5-2014-0098,5A480101001,Dixon WWTF,,,,,,No data,,
,R5-2013-0062,5C221003001,Don Pedro Sewer Zone 1,,,260,,,SSO,260,
,92-094,5C240102001,Dos Palos WWTF,,,7000,,,SSO,7000,
,R5-2013-0009,5B051003001,Douglas Flat/Vallecito WWTP,,,,,,No data,,
,R5-2021-0045,5A571005001,Dunnigan WWTF,,,,,,No data,,
,97-010-DWQ,5B030120003,Eagles Nest Leachfield,104,158,,,,CWNS,104,2.11
,98-140,5D540102001,Earlimart WWTF,1043,1064,,,,CWNS,1043,0.1
,96-028,5D161005001,El Dorado MHP WWTF,,,,,,No data,,
,97-010-DWQ,5A45NC00030,El Rio Estates,,,,,,No data,,
,97-207,5D100106003,Elkhorn Correctional Facility WWTF,,,,,,No data,,
,5-00-142,5B390101001,Escalon Treatment Plant,,,,,,No data,,
,5-01-112,5A570108001,Esparto CSD WWTF,,,,,,No data,,
,02-063,5D540103001,Exeter WWTF,104,158,,,,CWNS,104,2.11
,2014-0153-DWQ,5A450117001,Fall River Mills STP,1043,1064,,,,CWNS,1043,0.1
,R5-2022-0026,5D540117001,Farmersville WWTF,,,,,,No data,,
,2014-0153-DWQ,5A040116001,Feather River Hospital,104,158,,,,CWNS,104,2.11
,98-230,5C100103001,Firebaugh WWTF,1043,1064,,,,CWNS,1043,0.1
,2014-0153-DWQ,5C101109001,Foothill Elementary School WWTF,,,,,,No data,,
,97-010-DWQ,5B55NC00007,Foothill Horizons School,,,,,,No data,,
,2014-0153-DWQ,5A041016001,Foothills MHP,,,,,,No data,,
,5-00-066,5B050107004,Forest Meadows WWT & RP,,,,,,No data,,
,88-106-02,5A291012001,Forest Springs WWTF,,,,,,No data,,
,R5-2004-0133,5A31NC00011,Foresthill High School,,,,,,No data,,
,89-171,5C240109001,Franklin WWTF,,,,,,No data,,
,97-010-DWQ,5C101012001,Fresno Cnty #1-Tamarack Estates WWTF,,,,,,No data,,
,2014-0153-DWQ,5D100102001,Fresno Cnty #30-El Porvenir WWTF,,,,,,No data,,
,2014-0153-DWQ,5D100102002,Fresno Cnty #32-Cantua Creek WWTF,,,,,,No data,,
,R5-2008-0127,5C100106003,Fresno Cnty #34-Millerton New Town WWTF,,,,,,No data,,
,97-010-DWQ,5C100106001,Fresno Cnty #38-Sky Harbour WWTF,1519,1654,,,,CWNS,1519,0.43
,97-010-DWQ,5D101026001,Fresno Cnty #40-Shaver Springs WWTF,,,,,,No data,,
,95-264,5C100106002,Fresno Cnty #41-Shaver Lake WWTF,,,,,,No data,,
,2014-0153-DWQ,5D100139001,Fresno Cnty #44-D Monte Verdi Estates WWTF,,,,,,No data,,
,2014-0153-DWQ,5C101017001,Fresno Cnty #44A-Millerton Lake MHV WWTF,10638,11070,,,,CWNS,10638,0.2
,96-120,5D101122001,Fresno Cnty #47-Quail Lake WWTF,,,,,,No data,,
,R5-2007-0150,5B10NC00011,Fresno Cnty Juvenile Justice WWTF,,,,,,No data,,
,R5-2018-0080,5D100105001,Fresno Regional WWTF,,,543428,,,SSO,543428,
,R5-2013-0160,5B10NC00059,Friant Ranch WWTF,,,,,,No data,,
,,,Gateway Mobile Home Park,,,,,,No data,,
,97-010-DWQ,5B031025001,Gayla Manor WWTP,,,,,,No data,,
,93-033,5A520105001,Gerber STP,,,,,,No data,,
,2014-0153-DWQ,5A321021001,Gold Mountain WWTF,,,,,,No data,,
,2014-0153-DWQ,5A090102008,Gold Ridge Forest Unit 3,,,120,,,SSO,120,
,2014-0153-DWQ,5A321019001,"Gold Ridge HA, UNIT III",,,,,,No data,,
,88-033,5B051018001,Gold Strike Village,,,,,,No data,,
,2014-0153-DWQ,5A041019001,Golden Feather MHP WTP,,,,,,No data,,
,2014-0153-DWQ,5C221011001,Golden Hills Mobile Home Park,,,,,,No data,,
,81-122,5D151027001,Golden Hills WWTF,5430,5430,,,,CWNS,5430,0
,2014-0153-DWQ,5A520106001,Golden Meadows STP (sand filter),,,,,,No data,,
,2014-0153-DWQ,5A041051001,Golden Oaks MHP,,,,,,No data,,
,97-10-DWQ-R5159,5A32NC00006,Graeagle WWTP,,,,,,No data,,
,2014-0153-DWQ,5A450119001,Grant Elementary School,,,,,,No data,,
,98-011,5A291011001,Grass Valley Mobile Home Village,,,,,,No data,,
,93-088,5C500110001,Grayson Comm Serv Dist WTF,,,,,,No data,,
,97-247,5B090102002,Greenstone Estates Mobile Home Park,,,,,,No data,,
,99-046,5A320101001,Greenville WW Ponds,,,,,,No data,,
,R5-2006-0127,5A040103001,Gridley WWTF,,,,,,No data,,
,87-121,5C550100001,Groveland WWTF,104,158,,,,CWNS,104,2.11
,97-010-DWQ,5A090111001,Growlersburg Conservation Camp,1043,1064,,,,CWNS,1043,0.1
,R5-2019-0084,5C201026001,Gunner Ranch Water Reclamation Plant,104,158,,,,CWNS,104,2.11
,98-039,5C240103002,Gustine WWTF,1043,1064,,,,CWNS,1043,0.1
,R5-1998-081,5A110103001,Hamilton City CSD WWTP,181,221,,,,CWNS,181,1
,01-153,5D160103001,Hanford WWTF,,,,,,No data,,
,97-010-DWQ,5A450118001,Happy Valley Primary School,,,,,,No data,,
,95-176,5B390106002,Harney Lane Migrant Center,,,,,,No data,,
,2014-0153-DWQ,5D101042002,Harris Farms Farm Labor Housing Facility,,,,,,No data,,
,2014-0153-DWQ,5A31NC00051,Heather Glen Mobile Park,104,158,,,,CWNS,104,2.11
,2014-0153-DWQ,5C10NC00059,Helms Housing & Support Facility,1043,1064,,,,CWNS,1043,0.1
,00-018,5D151032001,Hi-Ho Lodge & MHP,104,158,,,,CWNS,104,2.11
,5-00-019,5A171034001,Hidden Valley Lake WRF,1043,1064,,,,CWNS,1043,0.1
,R5-2003-0048,5A29NC00004,Higgins Village WWTF,,,,,,No data,,
,99-077,5C240104002,Hilmar CWD WWTF,104,158,,,,CWNS,104,2.11
,R5-2012-0003,5C500101002,Hughson WWTF,1043,1064,7800,,,CWNS+SSO,1043,0.1
,R5-2014-0163,5D100107001,Huron WWTF,,,,,,No data,,
,97-010-DWQ,5A251001001,I'SOT School Ponds,,,,,,No data,,
,2014-0153-DWQ,5B051003002,Indian Rock Vineyards Subdivision (IRVS) WWTF,104,158,,,,CWNS,104,2.11
,97-010-DWQ,5A180806001,Intermountain Conservation Camp,1043,1064,,,,CWNS,1043,0.1
,2004-0012-DWQ,5B03NC00042,Ione WWTF,,,,,,No data,,
,,5B340103001,Isleton WWTP,,,945,,,SSO,945,
,98-090,5D540104001,Ivanhoe WWTF,104,158,,,,CWNS,104,2.11
,R5-2021-0046,5C550101001,Jamestown Sanitary District Wastewater Treatment Facilities,1043,1064,,,,CWNS,1043,0.1
,92-075,5B050109002,Jenny Lind Elementary School,,,,,,No data,,
,R5-2007-0115,5D100108001,Kerman WWTF,,,,,,No data,,
,2014-0153-DWQ,5D150303029,Kern Cnty CSA 39.8-Reeder Tract,,,,,,No data,,
,R5-2018-0014,5D150106001,Kern Cnty Sheriff's Lerdo WWTF,104,158,,,,CWNS,104,2.11
,75-235,5D150103001,Kern Co CSA 40-Pine Mountain Club,1043,1064,,,,CWNS,1043,0.1
,91-155,5D150105001,Kern Sanitation Authority WWTF,104,158,,,,CWNS,104,2.11
,R5-00-037,5D151163001,Kern Valley Healthcare District WWTF,1043,1064,,,,CWNS,1043,0.1
,R5-2007-0090,5C15NC00056,Kern Valley State Prison WWTF,104,158,,,,CWNS,104,2.11
,79-143,5D160109001,Kettleman City WWTF,1043,1064,,,,CWNS,1043,0.1
,99-039,5D101028001,Kings Canyon MHP,,,,,,No data,,
,97-010-DWQ,5C54NC00297,Kings River UESD OWTS,104,158,,,,CWNS,104,2.11
,2014-0153-DWQ,5A291025001,Kingsbury Greens CSD WWTP,1043,1064,,,,CWNS,1043,0.1
,R5-2007-0125,5B020101002,Kirkwood Meadows WWTF,104,158,,,,CWNS,104,2.11
,R5-2007-0149,5A570101001,Knights Landing CSD WWTP,1043,1064,,,,CWNS,1043,0.1
,R5-2002-0086,5A170801001,Konocti Conservation Camp,104,158,,,,CWNS,104,2.11
,87-077,5A291014001,LK Combie Mobile Home VLG WWTF,1043,1064,,,,CWNS,1043,0.1
,R5-2013-0133-01,5B051012001,La Contenta WWT & RF,,,,,,No data,,
,97-254,5A320104002,Lake Almanor West,,,,,,No data,,
,R5-2016-0033,5A520104001,Lake California WWTP,,,,,,No data,,
,R5-2009-0023,5A170101001,Lake Cnty SD Kelseyville WWD No. 3 Kelseyville WWTF,,,,,,No data,,
,2014-0153-DWQ,5D151091001,Lake Isabella WWTF,,,,,,No data,,
,97-010-DWQ,5A451040001,Lake Shasta MHP,,,,,,No data,,
,R5-2012-0025,5A170103001,Lakeport City WWTP,104,158,,,,CWNS,104,2.11
,R5-2022-0059,5D150108001,Lamont WWTF,1043,1064,,,,CWNS,1043,0.1
,R5-2016-0079,5D100123001,Laton WWTF,104,158,,,,CWNS,104,2.11
,97-053,5C240105001,Le Grand WWTF,1043,1064,,,,CWNS,1043,0.1
,97-010-DWQ,5C550111001,Leland Meadow WWTP,286,286,,,,CWNS,286,0
,94-348,5D540118001,Lemon Cove WWTF,,,,,,No data,,
,R5-2019-0008,5D165009001,Lemoore WWTF,,,,,,No data,,
,97-010-DWQ,5A58NC00005,Lewis Carroll School,,,,,,No data,,
,01-090,5C200702001,Liberty High School WWTF,,,,,,No data,,
,89-177,5B390111001,Linden Co Water Dist WWTF,,,,,,No data,,
,98-195,5D540105001,Lindsay WWTF,104,158,,,,CWNS,104,2.11
,82-007,5D541012001,Linnell Farm Labor Center,1043,1064,,,,CWNS,1043,0.1
,R5-2014-0147,5C240106002,Livingston Domestic WWTF,104,158,,,,CWNS,104,2.11
,R5-2007-0179,5B390102002,Lockeford CSD WWTP,1043,1064,,,,CWNS,1043,0.1
,R5-2021-0026,5C240107001,Los Banos WWTF,,,,,,No data,,
,87-113,5D150114001,Lost Hills WWTF,104,158,,,,CWNS,104,2.11
,R5-2003-0054,5B031026001,Mace Meadows Leachfield/Fairway Pines Leachfield,1043,1064,,,,CWNS,1043,0.1
,2014-0153-DWQ,5C200103001,Madera Cnty #14-Chukchansi WWTF,,,93,,,SSO,93,
,85-109,5C200102005,Madera Cnty #19-Parkwood WWTF,,,,,,No data,,
,00-232,5C200102001,Madera Cnty #2-Bass Lake WWTF,666,614,3399,,,CWNS+SSO,666,-0.41
,97-015,5C200102006,Madera Cnty #22A-Oakhurst WWTF,,,2686,,,SSO,2686,
,97-010-DWQ,5C200102007,Madera Cnty #24 Teaford Meadow Lakes WWTF,,,,,,No data,,
,97-133,5C200102003,Madera Cnty #27-Goldside Estates WWTF,,,414,,,SSO,414,
,97-010-DWQ,5C201005001,Madera Cnty #28 Ripperdan WWTF,3408,3408,,,,CWNS,3408,0
,2014-0153-DWQ-R5348,5C200102010,Madera Cnty #37-La Vina WWTF,,,,,,No data,,
,97-010-DWQ,5C200102002,Madera Cnty #6-Lake Shore Park WWTF,104,158,123,,,CWNS+SSO,104,2.11
,97-010-DWQ,5C200102009,Madera Cnty #7-Marina View Heights WWTF,1043,1064,240,,,CWNS+SSO,1043,0.1
,94-353,5C200102004,Madera Cnty #8A-North Fork WWTF,,,,,,No data,,
,R5-2022-0074,5C200101001,Madera WWTF,,,,,,No data,,
,5-00-039,5A570102001,Madison WWTF,15660,24840,,,,CWNS,15660,2.33
,R5-2020-0001,5D100124001,Malaga CWD WWTF,,,,,,No data,,
,00-153,5D150123001,Maricopa Wastewater Disposal Facility,104,158,,,,CWNS,104,2.11
,2014-0153-DWQ,5C221007001,Mariposa Pines WWTF,1043,1064,,,,CWNS,1043,0.1
,5-01-071,5A580101001,Marysville WWTP,,,,,,No data,,
,R5-2017-0078,5A470102002,McCloud WWTF,19661,15695,,,,CWNS,19661,-1.12
,97-010-DWQ,5C221010001,McClure Lake Boat Club Trailer Park,,,,,,No data,,
,R5-2008-0072,5D150109001,McFarland WWTF,104,158,,,,CWNS,104,2.11
,97-010-DWQ,5A041050001,Meadowbrook Oaks MHP,1043,1064,,,,CWNS,1043,0.1
,R5-2016-0054,5D100109001,Mendota WWTF,104,158,,,,CWNS,104,2.11
,97-010-DWQ,5C550106003,Mi-Wuk Village WW System,1043,1064,,,,CWNS,1043,0.1
,97-249,5A170111001,Middletown STP (SD 2-2),104,158,,,,CWNS,104,2.11
,2014-0153-DWQ,5A521017001,Millstream MHP,1043,1064,,,,CWNS,1043,0.1
,97-010-DWQ,5B20NC00068,Minarets High School WWTP,,,,,,No data,,
,2014-0153-DWQ,5B10NC00014,Mira Bella WWTF,104,158,,,,CWNS,104,2.11
,97-010-DWQ,5D100802001,Miramonte Conservation Camp,1043,1064,,,,CWNS,1043,0.1
,94-360,5C500112003,Modesto Reservoir WWTP,,,,,,No data,,
,91-098,5B050101001,Mokelumne Hill WWTF,104,158,800,,,CWNS+SSO,104,2.11
,2014-0153-DWQ,5A040121001,Mops Inc,1043,1064,,,,CWNS,1043,0.1
,2014-0153-DWQ,5C220800001,Mount Bullion Conservation Camp,,,,,,No data,,
,97-010-DWQ,5C54NC00299,Mountain Home Conservation Camp,,,,,,No data,,
,89-170,5A041022001,Mountain View Acres MHP,,,,,,No data,,
,5-00-264,5B050102001,Murphys WWTF,46956,46956,,,,CWNS,46956,0
,5-01-111,5A170104001,NW Regional Waste Disp Fac,,,,,,No data,,
,R5-2013-0065,5A280103002,Napa Berryessa WTF,6750,6624,,,,CWNS,6750,-0.09
,2014-0153-DWQ,5D151049001,National Chavez Center WWTF,104,158,,,,CWNS,104,2.11
,97-256,5A292026001,Nevada City School of the Arts WWTF,1043,1064,,,,CWNS,1043,0.1
,90-184,5C101001001,New Auberry WWTF,,,,,,No data,,
,89-033,5C551029002,New Don Pedro WW Facilities,,,,,,No data,,
,90-051,5C201016001,North Fork Mill Housing Facility,,,,,,No data,,
,R5-2014-0162,5D101129001,North Fresno WWRF,17368,18589,,,,CWNS,17368,0.34
,87-190,5A290107001,North San Juan WW Facility,1277,2473,,,,CWNS,1277,3.36
,00-049,5D150111001,North Shafter Farm Labor Camp,5040,6660,,,,CWNS,5040,1.4
,R5-2009-0088,5C15NC00090,North of River WWTF,549,765,,,,CWNS,549,1.67
,97-197,5C201031001,Oak Creek MHP WWTF,,,,,,No data,,
,2014-0153-DWQ,5B091000001,Oak Lane Mobile Village,,,,,,No data,,
,R5-2012-0063,5C500104001,Oakdale WWTF,,,23274,,,SSO,23274,
,R5-2006-0114-002,5B391070001,Oakwood Lake WWTF,,,,,,No data,,
,R5-2004-0008,5D100110001,Orange Cove WWTF,,,,,,No data,,
,R5-2017-0080,5A450001004,Palo Cedro WWTF,,,,,,No data,,
,,,Paradise Pines School,,,,,,No data,,
,95-103,5D100118001,Parlier WWTF,,,,,,No data,,
,98-010,5A291022001,Penn Valley Mobile Home Park,,,,,,No data,,
,5-01-210,5A290104006,Penn Valley WWTP,104,158,,,,CWNS,104,2.11
,97-010-DWQ,5C550802001,Peoria Flat Baseline Conservation Camp,1043,1064,,,,CWNS,1043,0.1
,88-107,5C552002001,Peppermint Creek MHP,,,,,,No data,,
,2014-0153-DWQ,5A04NC00003,Pheasant Landing III HA WWTP,104,158,,,,CWNS,104,2.11
,2014-0153-DWQ,5A041048001,Pheasant Landing Phase 2,1043,1064,,,,CWNS,1043,0.1
,R5-2009-0003,5B05NP00005,Pine Grove Community Leachfield System,,,,,,No data,,
,97-010-DWQ,5B031018001,Pine Grove Conservation Camp,104,158,,,,CWNS,104,2.11
,73-25,,Pine Grove Mobile Home Estates,1043,1064,,,,CWNS,1043,0.1
,2014-0153-DWQ,5A040115001,Pine Ridge School,,,,,,No data,,
,5-01-061,5C550106006,Pinecrest WWTP,104,158,,,,CWNS,104,2.11
,R5-2007-0123,5D540106001,Pixley WWTF,1043,1064,,,,CWNS,1043,0.1
,95-016,5A291006001,Pla-Vada Community Assoc STP,,,,,,No data,,
,2014-0153-DWQ,5A310104011,"Placer Cnty SA No 28, ZONE No.6, Sheridan WWTP",,,,,,No data,,
,R5-2013-0021,5B24NC00303,Planada WWTF,,,,,,No data,,
,2014-0153-DWQ,5A041039001,Plantation MHP,5001,5001,,,,CWNS,5001,0
,R5-2016-0092,5D100805001,Pleasant Valley State Prison WWTF,,,,,,No data,,
,2014-0153-DWQ,5A320104004,Plumas Eureka Estates WWTF,104,158,750,,,CWNS+SSO,104,2.11
,R5-2011-0092,5B030106001,Plymouth WWTP,1043,1064,,,,CWNS,1043,0.1
,98-214,5D540137001,Poplar WWTF,104,158,,,,CWNS,104,2.11
,R5-2008-0034,5D540107001,Porterville WWTF,1043,1064,,,,CWNS,1043,0.1
,94-013,5A060104001,Princeton WWTP,,,,,,No data,,
,95-130,5A581000001,Quail Ridge RV Park (formerly Seven Lakes Resort),,,,,,No data,,
,R5-2014-0149,5B340109001,Rancho Murieta CSD WWT & Rec,,,,,,No data,,
,2014-0153-DWQ,5A04NC00031,Rare Earth Estates Subdivision,,,,,,No data,,
,97-010-DWQ,5C551026001,Rawhide Mobile Home Park WWTF,104,158,,,,CWNS,104,2.11
,R5-2010-0120,5C10NC00167,Reedley WWTF,1043,1064,25917,,,CWNS+SSO,1043,0.1
,2014-0153-DWQ,5A041010001,Richardson Springs CSD,104,158,,,,CWNS,104,2.11
,83-088,5D541024001,Richgrove WWTF,1043,1064,,,,CWNS,1043,0.1
,2014-0153-DWQ,5A040105002,Richvale Wastewater Treatment Facility,,,,,,No data,,
,88-012,5A510102002,Rio Ramaza WW Disposal Ponds,,,,,,No data,,
,2014-0153-DWQ,5A521001001,Rio Vista Mobile Estates,895616,895616,,,,CWNS,895616,0
,94-263,5B390105001,Ripon Industrial & Domestic TP,,,15979,,,SSO,15979,
,2014-0153-DWQ,5D541049001,River Island East WWTF,,,,,,No data,,
,94-100,5C500106002,Riverbank WWTP,,,23298,,,SSO,23298,
,90-098,5D101021001,Riverbend Mobile Home Park,,,,,,No data,,
,2014-0153-DWQ,5A34NC00087,Riverdale Mobile Home Park,104,158,,,,CWNS,104,2.11
,R5-2018-0028,5D100114001,Riverdale WWTF,1043,1064,,,,CWNS,1043,0.1
,2014-0153-DWQ,5C54NC00291,Riverland RV Resort Wastewater Treatment Facility,104,158,,,,CWNS,104,2.11
,R5-2015-0018,5B10NC00072,Riverstone WWTF,1043,1064,,,,CWNS,1043,0.1
,2014-0153-DWQ,5C15NC00259,Rosedale Village Mobile Home Park OWTS,104,158,,,,CWNS,104,2.11
,97-010-DWQ,5C54NC00314,SCICON WWTF,1043,1064,,,,CWNS,1043,0.1
,5-01-255,5D100104001,SKF CSD WWTF,,,,,,No data,,
,92-036,5C500107001,Salida WWTP,104,158,,,,CWNS,104,2.11
,R5-2007-0100,5D100116001,San Joaquin WWTF,1043,1064,,,,CWNS,1043,0.1
,93-031,5C240116001,San Luis Hills WWTF,104,158,,,,CWNS,104,2.11
,90-014,5C240109003,Sandy Mush WWTF,1043,1064,,,,CWNS,1043,0.1
,R5-2014-0004,5D100115001,Sanger WWTF,,,,,,No data,,
,88-104,5C240113001,Santa Nella WWTF,104,158,,,,CWNS,104,2.11
,98-166,5D540135001,Sequoia Field WWTF,1043,1064,,,,CWNS,1043,0.1
,2014-0153-DWQ,5B391023001,Shadow Lake Mobile Home Park LLC/WWTP,104,158,,,,CWNS,104,2.11
,75-079,5D101035001,Shady Lakes MHP,1043,1064,,,,CWNS,1043,0.1
,2014-0153-DWQ,5A450110001,Shasta College Sewage Disposal Pond,,,,,,No data,,
,94-223,5D101004001,Sherwood MHP WWTF,104,158,,,,CWNS,104,2.11
,5-01-017,5C550801001,Sierra Conservation CTR-WWTP-1 (NON15),1043,1064,,,,CWNS,1043,0.1
,2014-0153-DWQ,5C101003001,Sierra High School WWTF,,,,,,No data,,
,5-01-056,5B051013001,Sierra Ridge WWTP,,,,,,No data,,
,97-010-DWQ,5D541014001,Sierra Shadows WWTF,,,,,,No data,,
,R5-2002-0140,5A311050001,Skyview Terrace MHP,,,,,,No data,,
,85-155,5C240111001,Snelling WWTF,6906,7110,,,,CWNS,6906,0.15
,R5-2002-0069,5C551012001,Sonora Estates Manufactured Housing Community,,,,,,No data,,
,94-192,5C550106004,Sonora Regional WWTF,,,16490,,,SSO,16490,
,96-166,5A170102002,Southeast Regional WW System,,,,,,No data,,
,93-236,5A280108001,Spanish Flat WWT & Disposal Facility,,,,,,No data,,
,2014-0153-DWQ,5A040112001,Spring Valley School,,,,,,No data,,
,96-195,5D540130001,Springville WWTF,,,,,,No data,,
,2014-0153-DWQ,5B39NC00309,Stockton Verde Mobile Home Park WWTF,,,,,,No data,,
,2014-0153-DWQ,5D160105001,Stratford WWTF,,,,,,No data,,
,R5-2016-0061,5D540108001,Strathmore  WWTF,104,158,,,,CWNS,104,2.11
,2014-0153-DWQ,5A450801002,Sugar Pine Conservation Camp,1043,1064,,,,CWNS,1043,0.1
,97-010-DWQ,5B20UR00001,Sugar Pine OWTS,104,158,,,,CWNS,104,2.11
,94-152,5B030104001,Sutter Creek WWTP,1043,1064,,,,CWNS,1043,0.1
,R5-2009-0054,5C15NC00101,Taft Federal Prison WWTF,104,158,,,,CWNS,104,2.11
,5-00-080 (N15),5C15NC00095,Taft WWTF,1043,1064,,,,CWNS,1043,0.1
,95-223,5B05NP00013,Tanwood Manufactuing Housing Community,,,,,,No data,,
,2014-0153-DWQ,5A320104007,Taylorsville STP,,,,,,No data,,
,97-010-DWQ,5C10NC00156,Teen Challenge of Southern California,,,,,,No data,,
,R5-2011-0007,5D150803001,Tehachapi Correctional Inst WWTF,,,,,,No data,,
,92-047,5D150116001,Tehachapi WWTF,,,,,,No data,,
,R5-2019-0085,5C15NC00247,Tejon Mountain Village,6007,6007,,,,CWNS,6007,0
,95-029,5D540109001,Terra Bella WWTF,,,,,,No data,,
,R5-2016-0057,5B20NC00105,Tesoro Viejo Wastewater Treatment Plant,104,158,,,,CWNS,104,2.11
,2014-0153-DWQ,5B031002001,The Oaks Commun Assoc-WWTF,1043,1064,,,,CWNS,1043,0.1
,2014-0153-DWQ,5B20NC00059,The Preserve at Millerton Lake,,,,,,No data,,
,2014-0153-DWQ,5A04NC00001,The Villas at Butte Creek WWTP,,,,,,No data,,
,94-101,5B390112001,Thornton Farm Labor Camp,,,,,,No data,,
,85-170,5D540116001,Tipton WWTF,3780,3727,,,,CWNS,3780,-0.07
,88-139,5D540136001,Tooleville WWTF,,,,,,No data,,
,97-074,5B050109001,Toyon Middle School,,,,,,No data,,
,88-098,5D540136003,Traver WWTF,,,,,,No data,,
,R5-2019-0058,5C550104001,Tuolumne City WWTP,104,158,,,,CWNS,104,2.11
,2014-0153-DWQ,5A04NC00068,Tuscan Ridge Base Camp WWTF,1043,1064,,,,CWNS,1043,0.1
,86-021,5B55NC00004,Twain Harte WWTP,,,,,,No data,,
,94-314,5B051007001,Vallecito Conservation Camp,,,,,,No data,,
,97-010-DWQ,5A110801001,Valley View Conservation Camp,,,,,,No data,,
,,,Vineyard RV Resort,,,,,,No data,,
,R5-2018-0046,5D540113001,Visalia Water Reclamation Facility (WRF),,,3006,,,SSO,3006,
,2014-0153-DWQ,5B050107007,Wallace Lake Estates WWTF,1064,761,250,,,CWNS+SSO,1064,-1.66
,90-217,5D150803003,Wasco State Prison WWTF,,,,,,No data,,
,R5-2002-0198,5D150117001,Wasco WWTF,,,,,,No data,,
,99-092,5A290801001,Washington Ridge Cons. Camp,104,158,,,,CWNS,104,2.11
,94-273,5C500113001,Waterford WWTP,1043,1064,,,,CWNS,1043,0.1
,89-234,5B391021001,West Lane Mobile Home Park,,,,,,No data,,
,2014-0153-DWQ,5B05NC00025,West Point WWTF,632,632,,,,CWNS,632,0
,93-087,5C500111001,Westley Comm Sewage Trt Fac,,,,,,No data,,
,R5-2019-0061,5A180102001,Westwood STP,,,,,,No data,,
,2014-0153-DWQ,5A321018001,Whitehawk Ranch WWTP,,,,,,No data,,
,R5-2002-0077,5A57NC00004,Wild Wings Water Recycling Facility,,,,,,No data,,
,R5-2002-0168,5B03NC00004,Wildwood Est Leachfield,,,,,,No data,,
,R5-2002-0064,5C201006001,Wildwood MHP,,,,,,No data,,
,2014-0153-DWQ,5B052000001,Wilseyville Wastewater Treatment Plant,104,158,,,,CWNS,104,2.11
,5-00-026,5A171018001,Windflower Point STP,1043,1064,,,,CWNS,1043,0.1
,R5-2002-0136,5A570104001,Winters WWTF,,,,,,No data,,
,93-213,5B390109001,Woodbridge SD-Sewage Treatment,4590,5101,,,,CWNS,4590,0.53
,R5-2009-0103,5D540114001,Woodlake WWTF,,,,,,No data,,
,82-006,5D540112003,Woodville Farm Labor Center,,,,,,No data,,
,86-108,5D540115001,Woodville WWTF,,,,,,No data,,
,96-285,5D101036001,Woodward Bluffs MHP WWTF,,,,,,No data,,
,98-027,5C201015001,Yosemite South Coarsegold Ranch,,,,,,No data,,
,00-201,5C551039001,Yosemite Vista Estates,,,,,,No data,,
,99-004,5C221002001,Yosemite West MD WWTF,,,350,,,SSO,350,
,R6V-2013-0058,6B369805001,Adelanto WWTP,,,34238,,,SSO,34238,
,97-095,6B360100001,Baker WTF,,,,,,No data,,
,R6V-2019-0252,6B360101001,Barstow Wastewater Treatment Plant,,,25442,,,SSO,25442,
,84-058,6B362050001,Bear Valley MHP WTF,,,,,,No data,,
,02-039,6B149107005,Big Pine Indian RES WTF,,,,,,No data,,
,95-035,6B140100001,Big Pine STP,,,,,,No data,,
,94-025,6B140101001,Bishop Sewage Treatment Plant,42700,64200,,,,CWNS,42700,2.06
,02-037,6B150126001,Boron STP,,,2253,,,SSO,2253,
,01-012,6A265300900,Bridgeport PUD Treatment Plant,,,,,,No data,,
,R6T-2008-0024,6A186000500,"CCC @ Susanville, CSP-LC WTF",104,158,6500,,,CWNS+SSO,104,2.11
,00-094,6B150118001,California City WTF,1043,1064,14523,,,CWNS+SSO,1043,0.1
,94-057,6B360106001,Crestline SD Three WTF's,,,287639,,,SSO,287639,
,01-055,6B150103001,Desert Lake CSD WTF,,,,,,No data,,
,94-024,6B140108001,Eastern Sierra CSD WWTF,,,6485,,,SSO,6485,
,97-010-DWQ,6B140304001,Eastern Sierra College Center,,,,,,No data,,
,R6V-2018-0015,6B361111001,Helendale Silverlakes STP,,,7500,,,SSO,7500,
,04-018,6B140109001,Hilton Creek CSD Package STP,,,,,,No data,,
,95-064,6B140103001,Independence WWTF,,,,,,No data,,
,93-077,6B150104001,Inyokern CSD WTF,,,,,,No data,,
,93-019,6B260101002,June Lake PUD STP,,,,,,No data,,
,R6V-2009-0037,6B360107001,Lake Arrowhead CSD WTFS,,,14000,,,SSO,14000,
,R6V-2022-0023,6B190107017,Lancaster Water Reclamation Plant,60548,60548,263520,,,CWNS+SSO,60548,0
,96-018,6A180004501,Leavitt Lake Sewage Treatment Ponds,,,950,,,SSO,950,
,84-090,6B260102001,Lee Vining WTF,,,,,,No data,,
,95-036,6B140104001,Lone Pine WWTF,,,2000,,,SSO,2000,
,85-038,6B361105001,Los Ranchos MHP,104,158,,,,CWNS,104,2.11
,91-022,6B260103001,Mammoth CWD STP,1043,1064,,,,CWNS,1043,0.1
,95-022,6A020008000,Markleeville Wstwtr Trtmnt Sys,11569,13012,,,,CWNS,11569,0.59
,01-036,6B150111001,Mojave STP,1170,822,,,,CWNS,1170,-1.75
,86-011,6B368054001,Mountain View Villas,,,,,,No data,,
,96-053,6B140802001,Owens Valley Conser Camp WTF,,,,,,No data,,
,R6V-2011-0012,6B190107069,Palmdale Water Reclamation Plant,,,346297,,,SSO,346297,
,84-031,6B151025001,Park Knolls Subdivision,,,,,,No data,,
,00-072,6B360811001,Pilot Rock Cons Camp Pack WTF,,,,,,No data,,
,00-056,6B150116001,Ridgecrest WTF,6895,7738,28973,,,CWNS+SSO,6895,0.58
,87-010,6B141013001,Rolling Green Terrace WTF,6895,7738,,,,CWNS,6895,0.58
,R6V-2019-0251,6B150112001,Rosamond WTF (Ponds),104,158,20000,,,CWNS+SSO,104,2.11
,86-111,6B142000002,Rovana Housing Package STP,1043,1064,,,,CWNS,1043,0.1
,R6V-2014-0002,6B360911001,SCLA Central WWTP-Victorville Water Dist,,,,,,No data,,
,R6T-2011-0061,6A021008003,STPUD Wastewater Treatment Plant,104,158,,,,CWNS,104,2.11
,R6T-2006-0020,6A180506011,Spalding Tract Sewer System,1043,1064,,,,CWNS,1043,0.1
,R6T-2014-0048,6A188812008,Stones-Bengard Sewage Treatment Ponds,,,,,,No data,,
,02-030,6A290011000,Tahoe Truckee Sanitation Agency,,,73055,,,SSO,73055,
,94-059,6B360115010,Trona & Pioneer Point WTF,436,488,2267,,,CWNS+SSO,436,0.56
,R6V-2013-0004,6B360907006,VVWRA Sub-Regional Plant-Apple Valley,104,158,,,,CWNS,104,2.11
,R6V-2013-0005,6B360907005,VVWRA- Sub-Regional Plant-Hesperia,1043,1064,,,,CWNS,1043,0.1
,02-021,6B158090004,Willow Springs MHP,104,158,,,,CWNS,104,2.11
,95-021,6A020013000,Woodfords Indian Colony WTDF,1043,1064,,,,CWNS,1043,0.1
,R7-2022-0008,7A330109012,Alan Horton WWTP,,,32620,,,SSO,32620,
,R7-2021-0023,7A360100011,BB Reg WWA-Lucerne Vly,,,62500,,,SSO,62500,
,R7-2016-0015,7A330100015,Banning STP-Non NPDES,,,,,,No data,,
,R7-2011-0056,7B360111001,Big River Elementary School,,,,,,No data,,
,R7-2008-0017,7A131013001,Blu-In RV Park,,,,,,No data,,
,R7-2016-0013,7B330102012,Blythe Regional WW Reclamation Facilities,104,158,,,,CWNS,104,2.11
,R7-2013-0024,7A330105021,Bombay Beach STP,1043,1064,,,,CWNS,1043,0.1
,R7-2019-0015,7A370125001,Borrego WD-Ram's Hill,,,,,,No data,,
,R7-2022-0009,7A330105071,CVWD Improv Dist #58,,,,,,No data,,
,R7-2013-0038,7A130802001,Calipatria State Prison,,,,,,No data,,
,R7-2013-0033,7B330809001,Chuckawalla Corr Fac,,,2600,,,SSO,2600,
,R7-2007-0009,7A361032001,Church Street WWTP,9000,9000,,,,CWNS,9000,0
,97-500,7A361040011,Copper Mountain College,,,,,,No data,,
,R7-2014-0048,7A330109021,Desert Crest WWTP,,,1710,,,SSO,1710,
,R7-2006-0057,7A361022001,Desert Knoll Inc.,,,,,,No data,,
,97-500,7B361345001,Desert Riviera MH&RV 97-50070,,,,,,No data,,
,R7-2007-0008,7A361016001,Desert Vista Village Wastewater Treatment and Disposal Systems,104,158,,,,CWNS,104,2.11
,R7-2015-0010,7A131043011,Fountain of Youth Spa,1043,1064,,,,CWNS,1043,0.1
,97-500,7A360118001,Joshua Tree Elementary School,21316,26370,,,,CWNS,21316,1.07
,R7-2014-0031,7A330118022,Lake Tamarisk WTP,,,400,,,SSO,400,
,R7-2015-0050,7A130136001,McCabe Municipal Wastewater Treatment Plant,7830,7830,,,,CWNS,7830,0
,R7-2013-0020,7A370126001,Mccain Vly Consv CMP,,,,,,No data,,
,R7-2020-0011,7A330104002,Nancy Wright Regional Water Reclamation Facility,,,,,,No data,,
,R7-2015-0018,7B360110014,Needles WWTP,,,,,,No data,,
,R7-2013-0025,7A330105032,North Shore WRP,,,,,,No data,,
,R7-2018-0001,7A330105012,Palm Desert WRP #10,,,,,,No data,,
,R7-2017-0013,7A330114012,Palm Springs WWTF,,,,,,No data,,
,R7-2016-0017,7B360115051,Park Moabi WWTF,,,,,,No data,,
,R7-2023-0015,7A131006001,Poe Colonia (Cady Subdivision),104,158,,,,CWNS,104,2.11
,R7-2017-0020,7B330118001,Ripley WTP 03-012,1043,1064,,,,CWNS,1043,0.1
,R7-2014-0007,7A130110031,SCSD Desert Shores WWTP,104,158,,,,CWNS,104,2.11
,R7-2018-0013,7A130117001,SCSD Thomas R. Cannell WWTP,1043,1064,4745,,,CWNS+SSO,1043,0.1
,2014-0153-DWQ,7A360125001,Sage Estates,,,,,,No data,,
,R7-2015-0039,7B131050011,Salamander Mobile Park 95-019,,,,,,No data,,
,R7-2006-0036,7A361031011,Turtle Rock 29 HOA,,,,,,No data,,
,R7-2016-0023,7A331000011,Valley View Trailer Park,104,158,,,,CWNS,104,2.11
,R8-2013-0014,8 303598001,Anaheim Water Recycling Demonstration Project,1043,1064,,,,CWNS,1043,0.1
,R8-2005-0044,8 360108001,Big Bear WWRF,,,,,,No data,,
,95-024,8 360800001,CIM WWTP,,,,,,No data,,
,R8-2011-0015,8 332181001,Corona WWRF #2,,,,,,No data,,
,98-031,8 332196001,Creekside MHP WWTP,104,158,,,,CWNS,104,2.11
,96-063,8 330112003,EVMWD Horsethief Canyon WWTP,1043,1064,,,,CWNS,1043,0.1
,96-034,8 332122003,EVMWD Railroad Canyon WWRF,,,,,,No data,,
,R8-2015-0023,8 303652001,El Toro Water Dist WWRF,104,158,,,,CWNS,104,2.11
,97-079,8 331058001,Farm MWC WWTP,1043,1064,,,,CWNS,1043,0.1
,R8-2015-0028,8 330105001,Idyllwild WD WWTP,,,,,,No data,,
,98-084,8 330139001,Lake Hemet MWD WWTP,104,158,,,,CWNS,104,2.11
,R8-2007-0004,8 362899001,Lytle Creek North WWTP,1043,1064,,,,CWNS,1043,0.1
,95-032,8 362200001,Lytle Creek WWTP,995,995,,,,CWNS,995,0
,R8-2008-0008,8 332783001,Moreno Valley RWRF,2381,2381,,,,CWNS,2381,0
,R8-2008-0008,8 332783001,Perris Valley RWRF,53150,69120,,,,CWNS,53150,1.32
,98-006,8 331003001,Rancho Caballero WWTP,,,,,,No data,,
,98-054,8 360111001,Redlands WWRF,,,,,,No data,,
,87-008,8 360113001,Running Springs WWTP,,,1396,,,SSO,1396,
,R8-2008-0008,8 332783001,San Jacinto Valley RWRF,104,158,,,,CWNS,104,2.11
,R8-2008-0008,8 332783001,Sun City RWRF,1043,1064,,,,CWNS,1043,0.1
,R8-2003-0113,8 330700001,Western Water Recycling Facility,,,,,,No data,,
,97-067,8 331458001,Woodcrest Elementary School,,,,,,No data,,
,R9-2003-0007,9 000000371,4-S Ranch WRF,104,158,,,,CWNS,104,2.11
,2014-0153-DWQ,9 000000238,Barrett Lake Mobile Home Park,1043,1064,,,,CWNS,1043,0.1
,R9-2016-0183,9 000000929,Carlsbad WRF,,,,,,No data,,
,R9-2020-0108,9 000003742,Civita Water Reclamation Facility,104,158,,,,CWNS,104,2.11
,R9-2019-0005W10,,Dana Hills High School,1043,1064,,,,CWNS,1043,0.1
,R9-1993-0005,9 000000257,Fairbanks Ranch WPCF,,,,,,No data,,
,R9-2004-0223,9 000000206,Gafner Water Reclamation Facility,104,158,,,,CWNS,104,2.11
,R9-2010-0032,9 000000592,Hale Avenue Resource Recovery Facility (HARRF) Recycled Water,1043,1064,,,,CWNS,1043,0.1
,2014-0153-DWQ,9 000001319,Hanson Elementary School OWTS,,,,,,No data,,
,R9-2012-0054,9 0000002490,Harmony Grove Water Reclamation Plant,104,158,,,,CWNS,104,2.11
,2014-0153-DWQ,9 000000191,Heavenly Oaks Residential Community,1043,1064,,,,CWNS,1043,0.1
,2014-0153-DWQ,9 000000107,Hideaway Lake M.E. S.T.P. OWTS,22773,27080,,,,CWNS,22773,0.87
,2014-0153-DWQ,9 000000073,Joplin Youth Center,,,,,,No data,,
,2014-0153-DWQ,9 000000109,Julian Water Pollution Facility,104,158,,,,CWNS,104,2.11
,2014-0153-DWQ,9 000000032,La Cima Conservation Camp OWTS,1043,1064,,,,CWNS,1043,0.1
,95-032,9 000000236,Lower Moosa Canyon Recl Facil,,,,,,No data,,
,R9-2007-0018,9 000000247,Meadowlark WRF,104,158,,,,CWNS,104,2.11
,,,Mussey Grade Village Park,1043,1064,,,,CWNS,1043,0.1
,2014-0153-DWQ,9 000003655,"Oak Crest Mobile Estates, Inc",,,,,,No data,,
,2014-0153-DWQ,9 000000036,Oak Tree Ranch Private Residential Community OWTS,104,158,,,,CWNS,104,2.11
,2014-0153-DWQ,9 000000145,Pauma Valley Treatment Plant,1043,1064,,,,CWNS,1043,0.1
,2014-0153-DWQ,9 000000099,Pine Valley WW Polltn Cntl Fac (Pine Valley Sanitation District) OWTS,,,,,,No data,,
,2014-0153-DWQ,9 000000033,Puerta La Cruz Conservation Camp,40026,47217,,,,CWNS,40026,0.83
,2014-0153-DWQ,9 000000533,Rainbow Conservation Camp,,,,,,No data,,
,R9-2007-0038,9 000000217,Ralph W Chapman WRF,,,,,,No data,,
,2014-0153-DWQ,9 000000123,Rancho Del Campo WPCF OWTS,,,,,,No data,,
,R9-1992-0004,9 000000177,Rancho Santa Fe San Dist Plant,,,,,,No data,,
,97-052,9 000000541,SMWD-Nichols Reseach Inst WRF,23400,27881,,,,CWNS,23400,0.88
,R9-2000-0010,9 000000571,San Elijo Water Campus,,,,,,No data,,
,93-007,9 000000351,San Luis Rey Water Reclamation Facility - Recycled Water and Pure Water,,,,,,No data,,
,R9-2009-0005,9 000000076,San Vicente Wastewater Treatment Plant,104,158,10395,,,CWNS+SSO,104,2.11
,R9-2002-0013,9 000000899,Santa Fe Valley WTP,1043,1064,,,,CWNS,1043,0.1
,R9-2016-0154,9 000000077,Santa Maria WWTP,,,21468,,,SSO,21468,
,94-092,9 000000564,Santa Rosa WRF-Recycled WTR,104,158,,,,CWNS,104,2.11
,2014-0153-DWQ,9 000000223,Skyline Ranch Country Club,1043,1064,,,,CWNS,1043,0.1
,97-052,9 000000541,TCWD - Crystal Canyon WRP (Formerly Goren WWTP),,,,,,No data,,
,97-052,9 000000541,TCWD Robinson Ranch WRF,,,,,,No data,,
,R8-2008-0008,8 332783001,Temecula Valley RWRF,104,158,,,,CWNS,104,2.11
,2014-0153-DWQ,9 000000176,Warner Springs Mobile Estates,1043,1064,,,,CWNS,1043,0.1
,R9-1994-0080,9 000000157,Whispering Palms WPCF,,,,,,No data,,
,R9-2015-0104,9 000000830,Woods Valley Ranch Water Reclamation Facility,,,,,,No data,,
